timestamp,open,high,low,close,volume,daily_returns,volatility,label,window_start,upper_barrier,lower_barrier,vertical_barrier
2023-12-30,2299.2,2322.84,2268.0,2291.68,210539.1327,,,1,True,,,10
2023-12-31,2291.68,2321.34,2258.88,2281.87,222175.8779,-0.00428989080455275,,1,False,,,10
2024-01-01,2281.87,2352.37,2265.24,2352.04,216702.6914,0.030287754449622444,0.024450087436690124,1,False,,,10
2024-01-02,2352.05,2431.3,2341.0,2355.34,458041.6642,0.0014020540260539925,0.018195425552509067,1,False,,,10
2024-01-03,2355.35,2385.45,2100.0,2209.72,798729.4869,-0.06381928005018102,0.043620915841992076,1,False,,,10
2024-01-04,2209.72,2294.69,2201.91,2267.11,448844.055,0.025640081953999767,0.04168782691234834,1,False,,,10
2024-01-05,2267.11,2277.21,2206.17,2268.78,405568.0006,0.0007363494597344715,0.034242147405379696,1,False,,,10
2024-01-06,2268.78,2270.0,2216.4,2240.78,194067.8656,-0.012418222543956053,0.029034629921047626,1,False,,,10
2024-01-07,2240.77,2258.01,2203.46,2221.42,207138.6927,-0.00867738849855344,0.024555898317606073,1,False,,,10
2024-01-08,2221.42,2358.2,2166.38,2330.44,539407.5547,0.04791045990948524,0.033530548097250784,1,False,,,10
2024-01-09,2330.43,2371.72,2226.78,2344.29,551454.9931,0.0059254932475093485,0.028670163603205432,1,False,,,10
2024-01-10,2344.3,2643.1,2339.59,2584.38,1038388.666,0.09750304973321598,0.049400384507752755,1,True,2750.35017542839,2392.875951428781,10
2024-01-11,2584.37,2689.39,2566.01,2618.01,838712.2577,0.012928853258319134,0.04334946972833029,1,False,2750.35017542839,2392.875951428781,10
2024-01-12,2618.01,2717.32,2458.0,2522.54,887457.7627,-0.03714815678577363,0.047981278671714894,1,False,2750.35017542839,2392.875951428781,10
2024-01-13,2522.55,2590.0,2497.5,2578.19,422061.232,0.02182127193995902,0.04174518922736675,1,False,2750.35017542839,2392.875951428781,10
2024-01-14,2578.18,2578.69,2470.0,2472.87,306207.7463,-0.04170818291825345,0.04434793894729968,1,False,2750.35017542839,2392.875951428781,10
2024-01-15,2472.87,2553.82,2470.92,2511.78,315247.8819,0.015612245726752063,0.039082750937909104,1,False,2750.35017542839,2392.875951428781,10
2024-01-16,2511.79,2614.43,2500.05,2587.4,381077.6247,0.02966184534886525,0.035969999262009035,1,False,2750.35017542839,2392.875951428781,10
2024-01-17,2587.41,2592.97,2506.75,2530.19,366281.3477,-0.02235911176778112,0.034618055959620773,1,False,2750.35017542839,2392.875951428781,10
2024-01-18,2530.2,2550.0,2428.56,2470.81,452090.1074,-0.023748366630328005,0.03226909160387632,1,False,2750.35017542839,2392.875951428781,10
2024-01-19,2470.81,2504.2,2415.2,2492.0,424209.0029,0.008539568821651248,0.028592452217292546,1,False,2750.35017542839,2392.875951428781,10
2024-01-20,2491.99,2492.0,2454.2,2472.01,136620.9577,-0.008054016030501146,0.024951375291478554,1,False,2750.35017542839,2392.875951428781,10
2024-01-21,2472.02,2482.18,2452.13,2457.05,122572.1687,-0.006070141542372212,0.021648504248616432,1,False,,,10
2024-01-22,2457.06,2466.1,2303.59,2314.2,526337.6492,-0.059897387892233325,0.032277459962561865,0,True,2411.3054471989685,2202.155253231959,10
2024-01-23,2314.19,2352.23,2168.07,2242.6,700105.3314,-0.031428148415456714,0.028664675385601805,0,False,2411.3054471989685,2202.155253231959,10
2024-01-24,2242.6,2264.6,2196.12,2235.02,359851.1496,-0.0033857304732878464,0.02618446715437031,0,False,2411.3054471989685,2202.155253231959,10
2024-01-25,2235.02,2242.89,2171.3,2218.64,330426.6061,-0.007355781023558437,0.023095943906867693,0,False,2411.3054471989685,2202.155253231959,10
2024-01-26,2218.64,2282.36,2195.84,2267.68,363566.4255,0.02186288688866119,0.026226275083369124,2,True,2344.994639325371,2178.470800778418,10
2024-01-27,2267.67,2282.94,2251.4,2267.94,145109.3836,0.00011464805265211808,0.022853523495104604,2,False,2344.994639325371,2178.470800778418,10
2024-01-28,2267.94,2308.24,2239.89,2256.9,209326.9087,-0.004879740236961713,0.019795254289158546,2,False,2344.994639325371,2178.470800778418,10
2024-01-29,2256.9,2322.34,2233.8,2317.6,305528.0776,0.026539977220855035,0.02237365460095659,2,False,2344.994639325371,2178.470800778418,10
2024-01-30,2317.61,2391.98,2297.0,2343.01,372879.5791,0.010904260075984275,0.019683648965319996,2,False,2344.994639325371,2178.470800778418,10
2024-01-31,2343.0,2351.6,2263.57,2283.14,397116.1859,-0.025884739060646825,0.02244776978005156,2,True,2349.766821424315,2206.2628983565596,10
2024-02-01,2283.15,2311.72,2240.0,2304.28,310997.4538,0.009216574739179674,0.020193266799885333,2,False,2349.766821424315,2206.2628983565596,10
2024-02-02,2304.28,2324.74,2281.94,2309.06,238230.511,0.0020722520822371486,0.01750400531995525,2,False,2349.766821424315,2206.2628983565596,10
2024-02-03,2309.07,2329.98,2292.75,2296.49,133232.845,-0.005458644987954984,0.015444138578918827,2,False,2349.766821424315,2206.2628983565596,10
2024-02-04,2296.5,2311.0,2266.0,2289.79,171232.0444,-0.0029217600174053704,0.013414508271332387,2,False,2349.766821424315,2206.2628983565596,10
2024-02-05,2289.79,2338.41,2269.11,2301.83,236610.412,0.005244348441227879,0.012010198340173861,2,False,2349.766821424315,2206.2628983565596,10
2024-02-06,2301.84,2392.4,2299.0,2372.64,368942.7498,0.030298800498996734,0.01744365847469458,2,False,2349.766821424315,2206.2628983565596,10
2024-02-07,2372.63,2444.44,2354.0,2425.1,342791.7013,0.021869501408000494,0.016469493213911418,2,True,2477.0222183909736,2365.189748010415,10
2024-02-08,2425.09,2463.15,2411.01,2419.55,338040.0539,-0.0022911881881718175,0.015624935878970929,2,False,2477.0222183909736,2365.189748010415,10
2024-02-09,2419.56,2525.0,2419.16,2486.56,492384.385,0.027318656720714377,0.0162866178148843,2,False,2477.0222183909736,2365.189748010415,10
2024-02-10,2486.56,2516.45,2471.57,2500.24,185099.59,0.005486498081285188,0.01451174759018189,2,False,2477.0222183909736,2365.189748010415,10
2024-02-11,2500.24,2539.63,2493.45,2507.21,219975.1471,0.0027838538582977777,0.013136443299018872,2,True,2550.026568604853,2457.8062669944,10
2024-02-12,2507.22,2665.58,2472.0,2659.99,449501.776,0.05915178226329729,0.026105023057743218,2,False,2550.026568604853,2457.8062669944,10
2024-02-13,2659.99,2686.12,2590.0,2639.99,502447.745,-0.00754723411578204,0.026369572247983177,2,False,2550.026568604853,2457.8062669944,10
2024-02-14,2639.99,2786.0,2618.4,2774.81,461670.6944,0.04980714711359402,0.028258808924499976,2,False,2550.026568604853,2457.8062669944,10
2024-02-15,2774.8,2867.65,2759.25,2822.59,481689.1874,0.017072626772787942,0.0246355440689437,2,True,2912.986852433628,2718.2859394996603,10
2024-02-16,2822.58,2857.4,2740.0,2801.8,378070.8037,-0.00739283537876803,0.02528100068344774,2,False,2912.986852433628,2718.2859394996603,10
2024-02-17,2801.81,2804.21,2719.01,2785.93,243302.8759,-0.005680318366057286,0.023815191295685358,2,False,2912.986852433628,2718.2859394996603,10
2024-02-18,2785.92,2895.0,2764.25,2881.2,367987.8833,0.0336251246192515,0.023543828204558175,2,False,2912.986852433628,2718.2859394996603,10
2024-02-19,2881.2,2984.52,2856.93,2944.8,446451.0401,0.021834029049603604,0.02060930099863813,2,False,2912.986852433628,2718.2859394996603,10
2024-02-20,2944.8,3033.09,2874.56,3014.81,634681.7471,0.02349590686861879,0.018103286183866214,0,True,3085.761358685976,2932.943047670027,10
2024-02-21,3014.81,3017.15,2868.0,2967.9,595955.0033,-0.01568217793614364,0.02243837032387928,0,False,3085.761358685976,2932.943047670027,10
2024-02-22,2967.91,3036.02,2906.51,2971.4,563525.9936,0.0011785902059659025,0.01987113060177333,0,False,3085.761358685976,2932.943047670027,10
2024-02-23,2971.4,2993.8,2906.05,2922.24,428826.5787,-0.01668277674193129,0.020680535682171642,0,False,3085.761358685976,2932.943047670027,10
2024-02-24,2922.25,3007.48,2906.4,2992.62,243854.0783,0.02379881241743993,0.02067628937272297,2,True,3073.0591602333775,2899.8055843461025,10
2024-02-25,2992.62,3122.0,2983.61,3112.59,412306.2237,0.039305919138802874,0.023359797661293258,2,False,3073.0591602333775,2899.8055843461025,10
2024-02-26,3112.6,3196.0,3036.59,3175.94,546722.7747,0.020148474483354707,0.02035950405090318,2,False,3073.0591602333775,2899.8055843461025,10
2024-02-27,3175.95,3288.14,3160.02,3242.36,625939.1221,0.020697808196250323,0.01774214691256799,2,False,3073.0591602333775,2899.8055843461025,10
2024-02-28,3242.35,3488.0,3176.16,3383.1,947538.766,0.04249098920918258,0.01929706720227412,2,True,3467.9690804676175,3285.1741379219798,10
2024-02-29,3383.11,3522.81,3300.0,3340.09,759698.1123,-0.012794696190860875,0.023911379258771636,2,False,3467.9690804676175,3285.1741379219798,10
2024-03-01,3340.1,3450.0,3338.54,3433.43,412788.5773,0.027562008777578344,0.021573205485864166,2,False,3467.9690804676175,3285.1741379219798,10
2024-03-02,3433.42,3460.04,3390.01,3421.4,283984.9448,-0.0035099374748775738,0.021188965546012507,2,False,3467.9690804676175,3285.1741379219798,10
2024-03-03,3421.39,3491.8,3360.0,3487.81,341631.531,0.019224208049935323,0.018616209136185592,2,False,3467.9690804676175,3285.1741379219798,10
2024-03-04,3487.8,3640.94,3423.78,3627.76,715360.6361,0.0393413458288056,0.019955967501073247,2,True,3721.8740988602017,3519.16680900746,10
2024-03-05,3627.75,3822.04,3200.0,3553.65,1392904.864,-0.020640133617123094,0.02585716622021374,2,False,3721.8740988602017,3519.16680900746,10
2024-03-06,3553.66,3900.0,3499.4,3818.59,969494.71,0.0719060002353233,0.036528408229611446,2,False,3721.8740988602017,3519.16680900746,10
2024-03-07,3818.58,3933.81,3735.0,3868.76,540780.675,0.013052797728649309,0.03217659713506334,2,False,3721.8740988602017,3519.16680900746,10
2024-03-08,3868.76,3993.75,3820.0,3883.36,646399.2589,0.003766716011167122,0.02920848067735088,2,True,4030.8151591801566,3713.2194317152043,10
2024-03-09,3883.37,3942.0,3870.01,3905.21,254839.1386,0.005610800781601544,0.025930236545138163,2,False,4030.8151591801566,3713.2194317152043,10
2024-03-10,3905.2,3964.67,3791.26,3878.47,356664.68,-0.006870813084617783,0.024629206953127192,2,False,4030.8151591801566,3713.2194317152043,10
2024-03-11,3878.47,4086.23,3722.95,4064.8,721554.5139,0.04692379532758898,0.02763669972826598,2,False,4030.8151591801566,3713.2194317152043,10
2024-03-12,4064.8,4093.92,3828.98,3979.96,632787.3941,-0.021092772302799184,0.03033104670313857,0,True,4136.89125842761,3798.885471045065,10
2024-03-13,3979.97,4083.0,3932.23,4004.79,482305.7766,0.0062193756940735045,0.0262948312030825,0,False,4136.89125842761,3798.885471045065,10
2024-03-14,4004.79,4010.98,3723.0,3881.7,648237.5245,-0.031217942680779823,0.02928254680125422,0,False,4136.89125842761,3798.885471045065,10
2024-03-15,3881.69,3934.02,3570.0,3742.19,947537.4071,-0.03660220045834964,0.03015982257242206,0,False,4136.89125842761,3798.885471045065,10
2024-03-16,3742.19,3781.12,3468.8,3523.09,548288.1569,-0.06033255610742313,0.03502995484978244,0,True,3683.527788721236,3337.9694745524203,10
2024-03-17,3523.09,3678.68,3412.0,3644.71,517790.9936,0.033938355810842834,0.040336540379812914,0,False,3683.527788721236,3337.9694745524203,10
2024-03-18,3644.7,3645.02,3454.09,3520.46,570901.2851,-0.03468513836288729,0.0369876416041927,0,False,3683.527788721236,3337.9694745524203,10
2024-03-19,3520.47,3548.09,3150.88,3158.64,1049629.6936,-0.10845010767802181,0.0541170002213489,0,False,3683.527788721236,3337.9694745524203,10
2024-03-20,3158.65,3535.24,3056.56,3516.53,1207322.8201,0.10733315272751459,0.08275874382371633,1,True,3894.860687043937,3079.9945918723806,10
2024-03-21,3516.53,3587.32,3412.0,3492.85,602755.2072,-0.00675668606585365,0.07170504199219134,1,False,3894.860687043937,3079.9945918723806,10
2024-03-22,3492.84,3542.52,3250.0,3336.35,558848.888,-0.0458406268133607,0.06521898091784827,1,False,3894.860687043937,3079.9945918723806,10
2024-03-23,3336.35,3435.48,3270.08,3329.53,323675.9448,-0.0020462421704777038,0.056751711842402616,1,False,3894.860687043937,3079.9945918723806,10
2024-03-24,3329.53,3471.22,3298.76,3454.98,260824.1408,0.036985515601003736,0.05401461251414628,1,False,3894.860687043937,3079.9945918723806,10
2024-03-25,3454.99,3666.0,3420.12,3590.42,548577.6942,0.038452518809786,0.04994091769594839,1,False,3894.860687043937,3079.9945918723806,10
2024-03-26,3590.43,3678.86,3542.62,3587.33,499013.8384,-0.0008609940972833262,0.043569929272036935,1,False,3894.860687043937,3079.9945918723806,10
2024-03-27,3587.32,3665.84,3460.02,3501.19,443195.3297,-0.024305282494903636,0.040574324359120215,1,False,3894.860687043937,3079.9945918723806,10
2024-03-28,3501.2,3611.78,3465.0,3560.49,404654.0311,0.016795265133333685,0.03604539451249579,1,False,3894.860687043937,3079.9945918723806,10
2024-03-29,3560.49,3584.37,3445.91,3509.74,323086.179,-0.014356215181719081,0.03236421926839929,1,False,3894.860687043937,3079.9945918723806,10
2024-03-30,3509.74,3565.81,3485.0,3505.64,216025.2634,-0.0011688605511880762,0.028029261321432408,1,False,3894.860687043937,3079.9945918723806,10
2024-03-31,3505.65,3655.32,3505.09,3645.29,243464.9877,0.039062823229440984,0.030603293926032272,1,False,,,10
2024-04-01,3645.29,3645.95,3413.71,3503.8,408854.1225,-0.039587829518748986,0.03496596641480229,0,True,3663.0678790614397,3320.0293703137236,10
2024-04-02,3503.8,3505.6,3212.0,3278.96,623264.6476,-0.06632179487259003,0.04235197093667985,0,False,3663.0678790614397,3320.0293703137236,10
2024-04-03,3278.96,3367.4,3202.79,3310.83,410484.1933,0.009672614295133657,0.03902710798342592,0,False,3663.0678790614397,3320.0293703137236,10
2024-04-04,3310.83,3443.93,3250.92,3327.4,356338.5716,0.004992305001377068,0.034689749991157065,0,False,3663.0678790614397,3320.0293703137236,10
2024-04-05,3327.39,3350.0,3210.0,3317.85,344556.7983,-0.002874235453763564,0.030121231366983435,2,True,3447.7690457382296,3167.943408763581,10
2024-04-06,3317.85,3398.42,3306.68,3351.59,183312.2125,0.010117877313201287,0.02720182603132576,2,False,3447.7690457382296,3167.943408763581,10
2024-04-07,3351.59,3459.94,3344.08,3454.2,210459.0752,0.030156021824738675,0.028011700202973812,2,False,3447.7690457382296,3167.943408763581,10
2024-04-08,3454.2,3730.71,3406.36,3694.61,496841.3532,0.06728411886400808,0.037603441501471935,2,False,3447.7690457382296,3167.943408763581,10
2024-04-09,3694.61,3727.34,3450.46,3506.39,457592.252,-0.05228798260119764,0.047351930932445975,0,True,3722.234638232885,3257.338494346671,10
2024-04-10,3506.4,3562.95,3411.82,3545.64,389404.9055,0.01113166146509165,0.04119112257133139,0,False,3722.234638232885,3257.338494346671,10
2024-04-11,3545.64,3618.3,3474.52,3502.52,338139.5534,-0.012235970235867036,0.03656280766125452,0,False,3722.234638232885,3257.338494346671,10
2024-04-12,3502.52,3552.4,3100.0,3237.43,697327.1174,-0.07870290424943296,0.04877650362416902,0,False,3722.234638232885,3257.338494346671,10
2024-04-13,3237.42,3301.9,2852.0,3007.01,994971.2354,-0.07383357559576002,0.0493669441027331,2,True,3199.9909629622675,2784.339658120461,10
2024-04-14,3007.01,3174.23,2906.73,3155.11,737580.4666,0.0480771311040579,0.057104941811949264,2,False,3199.9909629622675,2784.339658120461,10
2024-04-15,3155.11,3277.85,3023.19,3101.99,605430.8863,-0.016979519656058945,0.04949616971142573,2,False,3199.9909629622675,2784.339658120461,10
2024-04-16,3102.0,3128.01,2986.0,3084.22,526113.855,-0.00574505193835904,0.04302678423022919,2,False,3199.9909629622675,2784.339658120461,10
2024-04-17,3084.21,3123.75,2914.47,2985.41,491897.5661,-0.032561698237881825,0.038515752785167036,2,False,3199.9909629622675,2784.339658120461,10
2024-04-18,2985.41,3094.4,2950.98,3064.4,389060.7133,0.02611470081424689,0.03896112612691235,2,False,3199.9909629622675,2784.339658120461,10
2024-04-19,3064.4,3128.89,2865.18,3056.46,607850.4019,-0.0025944081235797613,0.033782772421115354,2,False,3199.9909629622675,2784.339658120461,10
2024-04-20,3056.45,3171.88,3018.75,3155.79,242577.6371,0.03198147730884544,0.03405327213676334,2,False,3199.9909629622675,2784.339658120461,10
2024-04-21,3155.79,3197.18,3116.49,3147.67,219970.5072,-0.0025763642480408425,0.02965279130694227,2,False,3199.9909629622675,2784.339658120461,10
2024-04-22,3147.66,3235.0,3129.15,3200.2,290879.9569,0.016550811254883464,0.026521091582916476,2,False,3199.9909629622675,2784.339658120461,10
2024-04-23,3200.19,3263.61,3152.0,3219.46,253914.2263,0.006000335776795954,0.022967965526323873,0,True,3315.587780181392,3108.543330559932,10
2024-04-24,3219.46,3293.56,3104.9,3140.8,393314.3414,-0.024736099089373503,0.02452658871339582,0,False,3315.587780181392,3108.543330559932,10
2024-04-25,3140.79,3191.64,3072.2,3155.8,352288.5502,0.004764485079372048,0.021456456217498192,0,False,3315.587780181392,3108.543330559932,10
2024-04-26,3155.81,3167.7,3102.0,3131.3,252522.655,-0.007793775832009595,0.01892677217722413,0,False,3315.587780181392,3108.543330559932,10
2024-04-27,3131.3,3285.0,3066.74,3255.56,323811.1919,0.03891605008616172,0.025206027050505585,0,True,3362.237653451907,3132.470399863184,10
2024-04-28,3255.55,3357.4,3250.45,3263.45,304766.009,0.0024206141277699957,0.021996336051092958,0,False,3362.237653451907,3132.470399863184,10
2024-04-29,3263.44,3286.95,3115.13,3216.73,421831.2912,-0.014419602393225955,0.02147154270762934,0,False,3362.237653451907,3132.470399863184,10
2024-04-30,3216.74,3250.95,2921.0,3014.05,561717.4866,-0.06508062629125812,0.036256316889266636,0,False,3362.237653451907,3132.470399863184,10
2024-05-01,3014.04,3023.24,2817.0,2972.46,624963.7773,-0.013894796510902776,0.031404555370320796,2,True,3093.813420052883,2832.4368230159043,10
2024-05-02,2972.46,3016.72,2893.26,2986.19,365939.7191,0.0046084345613266195,0.028679612357632153,2,False,3093.813420052883,2832.4368230159043,10
2024-05-03,2986.19,3126.99,2958.32,3102.61,355825.8391,0.038245365378809904,0.03355244397655782,2,False,3093.813420052883,2832.4368230159043,10
2024-05-04,3102.61,3168.0,3092.85,3117.23,196263.9488,0.004701094216412664,0.029083282652767006,2,False,3093.813420052883,2832.4368230159043,10
2024-05-05,3117.24,3171.93,3072.99,3136.41,218760.2662,0.006134046775861456,0.025237160452025315,0,True,3239.3103071373375,3017.678876379995,10
2024-05-06,3136.4,3221.4,3046.35,3062.6,355135.3027,-0.023814605339407262,0.025334815551268226,0,False,3239.3103071373375,3017.678876379995,10
2024-05-07,3062.59,3129.85,2998.0,3005.69,298796.6829,-0.018757069465325283,0.023105565281777266,0,False,3239.3103071373375,3017.678876379995,10
2024-05-08,3005.69,3038.15,2936.48,2974.21,266934.8125,-0.010528701418179225,0.020072653686637982,0,False,3239.3103071373375,3017.678876379995,10
2024-05-09,2974.2,3059.0,2950.77,3036.23,238561.7462,0.0206381567242151,0.021941630861886056,0,True,3122.8357892333197,2936.3002431923237,10
2024-05-10,3036.24,3053.89,2878.03,2909.99,327855.8758,-0.0424669694883011,0.027208232478682818,0,False,3122.8357892333197,2936.3002431923237,10
2024-05-11,2909.98,2945.67,2886.46,2912.45,138163.1087,0.0008450066111037531,0.024231477427560176,0,False,3122.8357892333197,2936.3002431923237,10
2024-05-12,2912.45,2955.2,2901.17,2929.29,107670.6323,0.0057654214829464265,0.021980720498092,0,False,3122.8357892333197,2936.3002431923237,10
2024-05-13,2929.3,2996.4,2864.76,2950.99,368664.7648,0.007380634427828049,0.01985974120123249,2,True,3027.1776669936526,2863.0811534688623,10
2024-05-14,2950.99,2960.6,2862.0,2881.93,269675.3037,-0.023680498679313364,0.02003806209353155,2,False,3027.1776669936526,2863.0811534688623,10
2024-05-15,2881.93,3041.36,2863.75,3032.55,350254.3188,0.05094364115236379,0.03225654525011751,2,False,3027.1776669936526,2863.0811534688623,10
2024-05-16,3032.55,3041.24,2922.8,2944.7,293874.1513,-0.029396905403768096,0.03279648466517582,2,False,3027.1776669936526,2863.0811534688623,10
2024-05-17,2944.7,3120.0,2933.06,3092.01,357724.7731,0.048814420530057585,0.03698733993588847,2,True,3240.6847924417166,2920.4621625672503,10
2024-05-18,3092.0,3146.98,3083.61,3122.94,199976.5456,0.009953500947915903,0.03203454651293292,2,False,3240.6847924417166,2920.4621625672503,10
2024-05-19,3122.94,3136.64,3053.38,3071.19,166145.0102,-0.016709757177628334,0.030542734601937106,2,False,3240.6847924417166,2920.4621625672503,10
2024-05-20,3071.2,3694.0,3047.67,3661.78,847107.8828,0.1758842593438205,0.08473082147755563,2,False,3240.6847924417166,2920.4621625672503,10
2024-05-21,3661.79,3841.54,3624.28,3789.6,952437.2694,0.034311104640699,0.0736112680103021,1,True,4152.244439627393,3371.1641081222388,10
2024-05-22,3789.59,3813.69,3653.15,3737.73,574938.3099,-0.013781997342475151,0.06918272099953193,1,False,4152.244439627393,3371.1641081222388,10
2024-05-23,3737.72,3949.29,3498.0,3783.61,1127866.076,0.012200105053972433,0.06044632920558787,1,False,4152.244439627393,3371.1641081222388,10
2024-05-24,3783.6,3829.61,3626.1,3728.28,479418.4318,-0.014731579039831756,0.05555412780076917,1,False,4152.244439627393,3371.1641081222388,10
2024-05-25,3728.28,3779.43,3709.03,3749.26,158711.8992,0.0056114858771316835,0.048315271169961684,1,False,4152.244439627393,3371.1641081222388,10
2024-05-26,3749.25,3884.2,3731.17,3826.47,292208.2937,0.02038421999818265,0.04199538301694427,1,False,4152.244439627393,3371.1641081222388,10
2024-05-27,3826.47,3977.0,3823.37,3894.22,363717.6473,0.017550695354859168,0.03639456319603727,1,False,4152.244439627393,3371.1641081222388,10
2024-05-28,3894.21,3931.09,3773.9,3844.69,416249.8344,-0.012800427009197146,0.034161023321924444,1,False,4152.244439627393,3371.1641081222388,10
2024-05-29,3844.69,3888.55,3742.59,3767.43,334759.6348,-0.020299904134328608,0.032472608332961575,1,False,4152.244439627393,3371.1641081222388,10
2024-05-30,3767.44,3825.35,3702.58,3747.91,277034.2894,-0.005194720104684686,0.028279152863621322,1,False,4152.244439627393,3371.1641081222388,10
2024-05-31,3747.9,3849.94,3723.75,3762.29,273406.766,0.0038294632828156368,0.024571062192214794,1,False,4152.244439627393,3371.1641081222388,10
2024-06-01,3762.29,3833.3,3752.67,3815.82,132687.2006,0.014127768098339709,0.02219444742134892,0,True,3925.917021267131,3688.784975461003,10
2024-06-02,3815.82,3838.59,3752.62,3780.91,210295.4407,-0.00919086126335398,0.020188597563030267,0,False,3925.917021267131,3688.784975461003,10
2024-06-03,3780.92,3849.99,3758.43,3767.06,248848.702,-0.003669865021776319,0.017603525140000797,0,False,3925.917021267131,3688.784975461003,10
2024-06-04,3767.07,3831.65,3730.0,3810.23,232063.7468,0.011394698393577755,0.016209890496068753,0,False,3925.917021267131,3688.784975461003,10
2024-06-05,3810.23,3887.47,3777.33,3865.99,273738.6035,0.014528239359286061,0.015112884851948434,0,False,3925.917021267131,3688.784975461003,10
2024-06-06,3866.0,3878.6,3760.0,3813.46,237504.1905,-0.013680880614828677,0.015881497078157395,0,False,3925.917021267131,3688.784975461003,10
2024-06-07,3813.47,3841.39,3600.0,3678.32,362223.3594,-0.03608078731115959,0.02204111639962451,0,False,3925.917021267131,3688.784975461003,10
2024-06-08,3678.31,3709.5,3660.08,3681.57,140550.8394,0.000883165430799822,0.01958218159791474,0,True,3775.291123997066,3573.430241541848,10
2024-06-09,3681.58,3721.52,3666.36,3706.4,103451.102,0.0067217634855674885,0.01799173518722264,0,False,3775.291123997066,3573.430241541848,10
2024-06-10,3706.4,3713.67,3642.74,3667.85,156363.1846,-0.010455395782558196,0.015975556272643927,0,False,3775.291123997066,3573.430241541848,10
2024-06-11,3667.85,3673.0,3432.0,3497.33,439568.5978,-0.0476058391088094,0.024336246841589835,0,False,3775.291123997066,3573.430241541848,10
2024-06-12,3497.33,3659.01,3462.07,3560.12,387043.774,0.017794431932076193,0.02620478785980743,0,True,3681.399846162095,3420.1817159668135,10
2024-06-13,3560.13,3561.65,3428.0,3469.4,300230.8299,-0.02581258381583872,0.024310212200003473,0,False,3681.399846162095,3420.1817159668135,10
2024-06-14,3469.4,3532.61,3362.26,3481.8,322316.4214,0.003567733097309177,0.02225181420590249,0,False,3681.399846162095,3420.1817159668135,10
2024-06-15,3481.8,3594.39,3473.1,3568.74,246649.5894,0.024663190874200495,0.02458707370637366,0,False,3681.399846162095,3420.1817159668135,10
2024-06-16,3568.75,3653.79,3541.05,3624.41,149839.982,0.015478924122645602,0.02246359185632336,0,False,3681.399846162095,3420.1817159668135,10
2024-06-17,3624.41,3638.37,3463.39,3511.46,337805.6402,-0.031659611030654206,0.02562543834441304,0,False,3681.399846162095,3420.1817159668135,10
2024-06-18,3511.47,3517.2,3355.0,3483.42,449913.3014,-0.008017335592698611,0.022239724851485704,0,False,3681.399846162095,3420.1817159668135,10
2024-06-19,3483.42,3590.01,3465.65,3560.51,321500.0027,0.02188922321442301,0.023180322890369105,0,True,3667.8039028907046,3436.709342818418,10
2024-06-20,3560.51,3625.96,3486.0,3513.08,329117.8453,-0.013410647446931425,0.021206776181684525,0,False,3667.8039028907046,3436.709342818418,10
2024-06-21,3513.08,3547.55,3446.82,3518.5,342155.102,0.0015416168410010394,0.018460182332075085,0,False,3667.8039028907046,3436.709342818418,10
2024-06-22,3518.5,3521.19,3475.09,3495.75,115774.6157,-0.006486817485643583,0.016159551677218793,0,False,3667.8039028907046,3436.709342818418,10
2024-06-23,3495.76,3521.45,3406.38,3420.91,133411.4304,-0.021641347386467055,0.016560427564822976,0,False,3667.8039028907046,3436.709342818418,10
2024-06-24,3420.91,3435.76,3240.0,3352.73,543370.4229,-0.020131658213640387,0.0155211496466134,2,True,3420.3796912710973,3274.6726639179647,10
2024-06-25,3352.74,3430.88,3336.76,3394.91,240036.2236,0.012502311747657655,0.017250564630517252,2,False,3420.3796912710973,3274.6726639179647,10
2024-06-26,3394.91,3426.75,3325.01,3371.44,206949.3418,-0.006937298285359013,0.014971728464649673,2,False,3420.3796912710973,3274.6726639179647,10
2024-06-27,3371.77,3477.0,3361.74,3450.44,201041.6609,0.02316180634208464,0.018603219651063645,2,False,3420.3796912710973,3274.6726639179647,10
2024-06-28,3450.44,3487.7,3365.22,3380.15,221634.3435,-0.020581671934651647,0.019205289724595388,2,True,3464.5417880813684,3282.7748599061133,10
2024-06-29,3380.15,3408.32,3371.86,3378.8,88329.7651,-0.000399470337242364,0.01670895092046998,1,False,3464.5417880813684,3282.7748599061133,10
2024-06-30,3378.8,3460.0,3352.66,3438.16,141221.6185,0.017415827691843896,0.01732750645730574,1,False,3464.5417880813684,3282.7748599061133,10
2024-06-30,3378.8,3460.0,3352.66,3438.16,141221.6185,,,1,True,,,9
2024-07-01,3438.16,3524.94,3423.78,3442.2,224273.2122,0.0011743572906945748,,1,False,,,9
2024-07-02,3442.2,3464.12,3402.0,3421.35,137932.7014,-0.006075591825215269,0.0051264881831172655,1,False,,,9
2024-07-03,3421.35,3432.1,3251.0,3295.48,310408.451,-0.03748337741811465,0.021494589271093392,1,False,,,9
2024-07-04,3295.49,3313.45,3050.34,3059.7,450402.5692,-0.07423496066796823,0.03574925489809917,1,False,,,9
2024-07-05,3059.7,3110.0,2810.0,2981.78,886994.3753,-0.025796434310749378,0.02927282993630655,1,False,,,9
2024-07-06,2981.79,3081.78,2955.06,3066.83,214487.9713,0.02812401720644482,0.04017659653988275,1,False,,,9
2024-07-07,3066.83,3073.08,2922.24,2931.0,179892.7612,-0.04530079310938496,0.03674051154815998,1,False,,,9
2024-07-08,2930.99,3097.06,2822.8,3019.01,500445.0105,0.029585301345544966,0.04071831304862386,1,False,,,9
2024-07-09,3019.01,3115.2,3004.0,3066.65,280358.1424,0.015656797515207238,0.03663804504655334,1,False,,,9
2024-07-10,3066.65,3151.51,3024.0,3101.05,270827.0844,0.011155003229838744,0.031971354638419894,2,True,3229.938200091914,2982.0762768382338,9
2024-07-11,3101.06,3217.24,3054.76,3099.57,289229.32,-0.00047737162674238903,0.027422743443000015,2,False,3229.938200091914,2982.0762768382338,9
2024-07-12,3099.57,3157.89,3045.58,3133.88,185745.1825,0.011008461282564313,0.02407252661935224,2,False,3229.938200091914,2982.0762768382338,9
2024-07-13,3133.89,3201.8,3113.37,3175.93,119302.4769,0.013328649364562585,0.021259585574983905,2,False,3229.938200091914,2982.0762768382338,9
2024-07-14,3175.93,3268.72,3163.67,3245.08,165430.7716,0.021539500325223178,0.019758885761944418,2,False,3229.938200091914,2982.0762768382338,9
2024-07-15,3245.2,3493.63,3233.22,3483.39,314296.8452,0.0708659543880182,0.03338850059103387,0,True,3634.586719795942,3343.823797111438,9
2024-07-16,3483.2,3498.59,3346.55,3444.13,376128.7869,-0.011334624893841374,0.03361242021803212,0,False,3634.586719795942,3343.823797111438,9
2024-07-17,3444.14,3517.0,3376.0,3387.05,297812.5162,-0.016711996605915814,0.032888496453067226,0,False,3634.586719795942,3343.823797111438,9
2024-07-18,3387.05,3489.98,3367.2,3426.5,241950.3457,0.011579995990526091,0.028500674101714307,0,False,3634.586719795942,3343.823797111438,9
2024-07-19,3426.49,3540.27,3377.0,3503.53,299511.6422,0.02223169961375485,0.02545321164480615,0,False,3634.586719795942,3343.823797111438,9
2024-07-20,3503.53,3539.65,3480.0,3517.5,147510.8165,0.003979478348910874,0.022357644550647936,0,False,3634.586719795942,3343.823797111438,9
2024-07-21,3517.5,3547.0,3411.4,3535.92,218890.9656,0.005223010078664497,0.01948638452030909,0,False,3634.586719795942,3343.823797111438,9
2024-07-22,3535.93,3562.82,3422.34,3439.6,207859.5043,-0.027618334530467182,0.024009791965116052,0,False,3634.586719795942,3343.823797111438,9
2024-07-23,3439.61,3541.0,3389.0,3482.51,500568.7811,0.012398112613455527,0.021614835813344134,0,False,3634.586719795942,3343.823797111438,9
2024-07-24,3482.51,3487.82,3300.0,3335.81,275479.0506,-0.043037769729975965,0.028504080687316677,0,False,3634.586719795942,3343.823797111438,9
2024-07-25,3335.82,3342.5,3087.53,3175.48,494282.6398,-0.049256726417778035,0.03116390847523044,2,True,3304.128478510402,3056.72755829809,9
2024-07-26,3175.47,3286.36,3171.0,3274.61,260237.4641,0.03073997600638479,0.03556125733026601,2,False,3304.128478510402,3056.72755829809,9
2024-07-27,3274.6,3327.59,3191.01,3249.01,231991.9037,-0.007848443474350228,0.03080169936111547,2,False,3304.128478510402,3056.72755829809,9
2024-07-28,3249.0,3284.3,3198.11,3270.16,103529.8329,0.006488578823412966,0.027382455862379005,2,False,3304.128478510402,3056.72755829809,9
2024-07-29,3270.16,3396.77,3258.0,3317.66,318471.5055,0.014420801773655689,0.02514108764269691,2,False,3304.128478510402,3056.72755829809,9
2024-07-30,3317.66,3366.4,3233.18,3279.21,197277.1641,-0.01165717542179405,0.022565961066710622,0,True,3375.4080827464386,3190.4117697725183,9
2024-07-31,3279.2,3350.0,3213.75,3232.74,233711.3352,-0.014272464880157914,0.020348860902029822,0,False,3375.4080827464386,3190.4117697725183,9
2024-08-01,3232.74,3242.57,3080.02,3203.4,323285.6105,-0.009117329095398752,0.01771837048035271,0,False,3375.4080827464386,3190.4117697725183,9
2024-08-02,3203.4,3218.6,2967.0,2989.61,385704.0395,-0.06906980163942816,0.033184270864514774,0,False,3375.4080827464386,3190.4117697725183,9
2024-08-03,2989.61,3018.02,2859.0,2903.64,344595.3157,-0.02917782177676601,0.028939505812165048,0,True,3012.878878653365,2802.804112012278,9
2024-08-04,2903.65,2935.46,2630.0,2688.92,512064.2612,-0.07682549632844399,0.03528791339897903,0,False,3012.878878653365,2802.804112012278,9
2024-08-05,2688.91,2697.44,2111.0,2419.59,2670604.1003,-0.10554152167987006,0.04429324304009332,0,False,3012.878878653365,2802.804112012278,9
2024-08-06,2419.76,2556.23,2414.19,2461.33,642283.8038,0.017103749924450695,0.05080743341372038,0,False,3012.878878653365,2802.804112012278,9
2024-08-07,2461.33,2551.32,2309.04,2342.8,630115.4228,-0.049355059018510734,0.04442068435732571,2,True,2478.089413106046,2217.917464825189,9
2024-08-08,2342.79,2724.1,2320.4,2682.5,586502.8754,0.13540240028922618,0.09043113396865216,2,False,2478.089413106046,2217.917464825189,9
2024-08-09,2682.5,2707.98,2552.61,2598.78,406739.9611,-0.0317070913877183,0.0800926639252808,2,False,2478.089413106046,2217.917464825189,9
2024-08-10,2598.79,2644.7,2576.49,2609.92,171012.3619,0.004277465388845785,0.06949203028507044,2,False,2478.089413106046,2217.917464825189,9
2024-08-11,2609.92,2720.0,2540.0,2555.38,297098.9145,-0.021118628942741847,0.0608064009790358,2,True,2757.3784992139513,2368.9198468794298,9
2024-08-12,2555.38,2750.0,2510.05,2722.3,483414.2506,0.06327617065377597,0.06212014352645808,2,False,2757.3784992139513,2368.9198468794298,9
2024-08-13,2722.3,2738.4,2611.37,2702.44,325668.6964,-0.007322042615237078,0.054434878042473225,2,False,2757.3784992139513,2368.9198468794298,9
2024-08-14,2702.44,2780.0,2632.2,2661.45,338808.7141,-0.015283981564079844,0.0481811314783938,2,False,2757.3784992139513,2368.9198468794298,9
2024-08-15,2661.45,2675.6,2515.71,2569.89,356546.8059,-0.035007990620865556,0.0449400455900285,2,True,2720.028265889766,2431.30083148637,9
2024-08-16,2569.9,2630.97,2550.04,2592.73,270684.1373,0.008848278205884167,0.039731854379974646,2,False,2720.028265889766,2431.30083148637,9
2024-08-17,2592.72,2629.69,2587.5,2614.51,89348.676,0.008365324821256171,0.03488924281257689,2,False,2720.028265889766,2431.30083148637,9
2024-08-18,2614.51,2689.16,2594.53,2612.15,174074.0585,-0.0009030624377273868,0.03021496640244984,2,False,2720.028265889766,2431.30083148637,9
2024-08-19,2612.15,2648.08,2563.58,2636.36,224867.1336,0.00922554085269927,0.026591305236167016,2,False,2720.028265889766,2431.30083148637,9
2024-08-20,2636.36,2695.0,2555.0,2572.82,281315.8751,-0.024396604272670947,0.026049765403296198,2,False,2720.028265889766,2431.30083148637,9
2024-08-21,2572.81,2663.74,2536.22,2630.71,245286.6218,0.022251198129545374,0.02588156477038565,2,False,2720.028265889766,2431.30083148637,9
2024-08-22,2630.71,2644.69,2584.2,2622.88,199063.1196,-0.002980821037672695,0.022530500185736102,2,False,2720.028265889766,2431.30083148637,9
2024-08-23,2622.89,2799.13,2621.4,2762.48,401786.4447,0.05185587630264984,0.030878126296579163,2,False,2720.028265889766,2431.30083148637,9
2024-08-24,2762.49,2820.0,2731.26,2768.0,263542.9441,0.001996210756764014,0.027275237574206242,0,True,2866.147214887024,2677.4025708735167,9
2024-08-25,2768.01,2792.28,2733.21,2746.13,154527.2352,-0.007932389942457324,0.025162523320937477,0,False,2866.147214887024,2677.4025708735167,9
2024-08-26,2746.12,2762.0,2666.66,2680.49,211708.1247,-0.02419303418173669,0.025960133002384762,0,False,2866.147214887024,2677.4025708735167,9
2024-08-27,2680.49,2699.98,2392.96,2457.33,412660.7197,-0.0869242189766755,0.04581679822813359,0,False,2866.147214887024,2677.4025708735167,9
2024-08-28,2457.33,2554.6,2418.8,2528.33,451266.634,0.028483611085400803,0.04639081850623979,0,True,2680.8086876000457,2387.5804422153424,9
2024-08-29,2528.33,2595.4,2505.88,2527.61,237002.9632,-0.0002848135084145817,0.04043490559856558,0,False,2680.8086876000457,2387.5804422153424,9
2024-08-30,2527.6,2552.17,2431.14,2526.0,338379.1941,-0.0006371683032404386,0.03516944406259736,0,False,2680.8086876000457,2387.5804422153424,9
2024-08-31,2525.99,2533.95,2491.92,2513.01,97946.1147,-0.005155786067161088,0.030459469743239986,0,False,2680.8086876000457,2387.5804422153424,9
2024-09-01,2513.0,2516.28,2400.0,2425.72,223127.776,-0.035352850323422016,0.02980400758555917,0,False,2680.8086876000457,2387.5804422153424,9
2024-09-02,2425.71,2564.83,2423.52,2538.01,262632.8385,0.04525192185704056,0.03756636710978256,0,False,2680.8086876000457,2387.5804422153424,9
2024-09-03,2538.0,2553.6,2411.12,2425.29,224793.1299,-0.04542920452647489,0.03924062124847,0,False,2680.8086876000457,2387.5804422153424,9
2024-09-04,2425.28,2490.0,2306.65,2450.71,384179.3854,0.01042667362399451,0.03533200065512198,0,False,2680.8086876000457,2387.5804422153424,9
2024-09-05,2450.71,2466.0,2348.04,2368.81,278549.0969,-0.033990059149168084,0.03345331237773673,0,True,2471.8279031615584,2273.716550927792,9
2024-09-06,2368.81,2408.83,2150.55,2225.23,643027.111,-0.06252743828077964,0.03729720088497861,0,False,2471.8279031615584,2273.716550927792,9
2024-09-07,2225.24,2311.27,2220.98,2273.58,219453.2076,0.021495400637582665,0.038902284078718555,0,False,2471.8279031615584,2273.716550927792,9
2024-09-08,2273.58,2333.58,2240.94,2297.3,192775.6493,0.010378838616076844,0.03545984738002569,0,False,2471.8279031615584,2273.716550927792,9
2024-09-09,2297.3,2381.41,2272.8,2359.5,321698.99,0.026715211868316886,0.03459818638149485,0,True,2465.624746997278,2261.5386950794355,9
2024-09-10,2359.51,2400.0,2320.41,2388.52,224382.1729,0.012224195084661072,0.030406538080511393,0,False,2465.624746997278,2261.5386950794355,9
2024-09-11,2388.52,2389.32,2277.68,2340.55,282898.3125,-0.020287982782529586,0.028664794520624322,0,False,2465.624746997278,2261.5386950794355,9
2024-09-12,2340.54,2391.93,2315.39,2361.76,202611.1308,0.0090211593201128,0.025366186038839705,0,False,2465.624746997278,2261.5386950794355,9
2024-09-13,2361.75,2464.82,2337.35,2439.19,253888.616,0.03225891317213316,0.02647660204927969,0,False,2465.624746997278,2261.5386950794355,9
2024-09-14,2439.19,2440.6,2376.72,2417.79,122931.2302,-0.008812117192878863,0.02432630607490169,0,False,2465.624746997278,2261.5386950794355,9
2024-09-15,2417.8,2430.32,2283.75,2316.1,174364.1946,-0.042969163114274886,0.03051015746454311,0,False,2465.624746997278,2261.5386950794355,9
2024-09-16,2316.09,2335.7,2252.39,2295.68,330555.232,-0.008855640749803263,0.026429306988314895,0,False,2465.624746997278,2261.5386950794355,9
2024-09-17,2295.67,2393.63,2263.29,2341.8,274206.2588,0.019890768510761287,0.02632136121378363,2,True,2421.93117279757,2267.832763571474,9
2024-09-18,2341.79,2376.14,2277.34,2374.75,292917.6008,0.013972304355667368,0.02383967934101114,2,False,2421.93117279757,2267.832763571474,9
2024-09-19,2374.74,2494.95,2372.6,2465.21,326746.032,0.037384827775575745,0.026233709262286464,2,False,2421.93117279757,2267.832763571474,9
2024-09-20,2465.21,2571.93,2437.31,2561.4,340754.5912,0.03827698744610405,0.025957898155861275,2,False,2421.93117279757,2267.832763571474,9
2024-09-21,2561.4,2623.34,2528.97,2612.4,154757.8773,0.019715355036530664,0.022492234557267645,2,True,2688.786327624628,2541.889543731113,9
2024-09-22,2612.4,2632.57,2524.58,2581.0,214266.3257,-0.012092418309888196,0.024179114313456613,2,False,2688.786327624628,2541.889543731113,9
2024-09-23,2580.99,2702.82,2539.49,2646.97,333282.0149,0.025238668859070917,0.02199047421596659,2,False,2688.786327624628,2541.889543731113,9
2024-09-24,2646.98,2670.96,2591.56,2653.2,288600.0402,0.002350869073716024,0.019869749111875216,2,False,2688.786327624628,2541.889543731113,9
2024-09-25,2653.2,2673.5,2554.05,2579.95,220343.4293,-0.027996439768490675,0.0252249524977932,2,False,2688.786327624628,2541.889543731113,9
2024-09-26,2580.09,2666.22,2559.2,2632.26,278686.3573,0.020072773877989385,0.02349532199710513,2,False,2688.786327624628,2541.889543731113,9
2024-09-27,2632.25,2728.6,2615.21,2694.43,281826.9792,0.023343886429398778,0.02186985486519822,2,False,2688.786327624628,2541.889543731113,9
2024-09-28,2694.43,2704.35,2650.0,2675.21,137230.0342,-0.0071587972686246865,0.020660173259836313,0,True,2747.0613927383806,2608.885637472264,9
2024-09-29,2675.21,2683.7,2629.73,2657.62,160554.3146,-0.006596896503964429,0.018848545302101335,0,False,2747.0613927383806,2608.885637472264,9
2024-09-30,2657.62,2663.5,2575.0,2602.23,282475.7961,-0.021062215708309424,0.01980255780344528,0,False,2747.0613927383806,2608.885637472264,9
2024-10-01,2602.24,2659.0,2414.0,2447.79,502828.6804,-0.06118319307059319,0.03213240869034687,0,False,2747.0613927383806,2608.885637472264,9
2024-10-02,2447.78,2499.0,2352.0,2364.1,317484.735,-0.0347881768230544,0.028964233231702538,2,True,2453.1166469179884,2281.9307874603182,9
2024-10-03,2364.09,2403.38,2310.0,2349.8,314635.9263,-0.006067181682279811,0.026154492561926826,2,False,2453.1166469179884,2281.9307874603182,9
2024-10-04,2349.8,2441.64,2339.15,2414.41,239383.017,0.02712473268730683,0.030941545545642334,2,False,2453.1166469179884,2281.9307874603182,9
2024-10-05,2414.41,2428.23,2390.05,2414.66,103740.2316,0.00010353960502683366,0.02698319035277321,2,False,2453.1166469179884,2281.9307874603182,9
2024-10-06,2414.66,2457.8,2407.0,2440.03,105752.7096,0.010451843867824944,0.02445766022204732,2,False,2453.1166469179884,2281.9307874603182,9
2024-10-07,2440.02,2521.0,2403.0,2422.71,300459.5407,-0.007123585979335531,0.021366042618300742,0,True,2490.0028426453187,2360.59352986586,9
2024-10-08,2422.7,2466.66,2401.18,2440.89,201358.3312,0.007475978564708481,0.01909695519853684,0,False,2490.0028426453187,2360.59352986586,9
2024-10-09,2440.88,2473.61,2351.42,2370.47,242082.2725,-0.029274479174812445,0.021441217930734537,0,False,2490.0028426453187,2360.59352986586,9
2024-10-10,2370.47,2421.36,2330.66,2386.49,257862.9619,0.006735419496232244,0.019709322849601803,0,False,2490.0028426453187,2360.59352986586,9
2024-10-11,2386.49,2471.45,2381.86,2439.5,235441.2197,0.02196943305546825,0.020911513628545774,2,True,2505.8177287458884,2378.283635003795,9
2024-10-12,2439.49,2490.51,2434.35,2476.4,139637.5062,0.015012792389185134,0.01901814720115484,2,False,2505.8177287458884,2378.283635003795,9
2024-10-13,2476.4,2484.92,2436.4,2468.91,120022.8179,-0.003029134969148349,0.01696876519561851,2,False,2505.8177287458884,2378.283635003795,9
2024-10-14,2468.92,2654.0,2443.39,2629.79,435900.1619,0.06312723739912225,0.03151540449107526,2,False,2505.8177287458884,2378.283635003795,9
2024-10-15,2629.79,2688.6,2537.36,2607.41,416285.6663,-0.008546603615558845,0.030066540890439405,2,True,2709.3245391980827,2513.3350407402313,9
2024-10-16,2607.41,2647.79,2588.67,2611.1,260322.4242,0.0014141970083359115,0.02647726464191341,2,False,2709.3245391980827,2513.3350407402313,9
2024-10-17,2611.1,2648.37,2575.4,2605.8,221624.5434,-0.002031858698996803,0.023514949741573903,2,False,2709.3245391980827,2513.3350407402313,9
2024-10-18,2605.79,2675.58,2596.49,2642.17,292444.1153,0.01386081943641187,0.02066717586027128,2,False,2709.3245391980827,2513.3350407402313,9
2024-10-19,2642.17,2663.49,2631.02,2648.2,105413.7646,0.0022796147004131985,0.01811194835152968,2,False,2709.3245391980827,2513.3350407402313,9
2024-10-20,2648.2,2759.0,2635.54,2746.91,256910.7448,0.03659647963870094,0.021004558937604847,2,False,2709.3245391980827,2513.3350407402313,9
2024-10-21,2746.91,2769.48,2655.01,2666.7,310674.7232,-0.02963489062861841,0.027406569262499195,0,True,2761.7106277279986,2578.997882097232,9
2024-10-22,2666.71,2671.92,2606.56,2622.81,265747.713,-0.016595490814311574,0.02548299895863809,0,False,2761.7106277279986,2578.997882097232,9
2024-10-23,2622.81,2628.2,2450.0,2524.61,352647.7086,-0.03815966676698236,0.027883514646198093,0,False,2761.7106277279986,2578.997882097232,9
2024-10-24,2524.6,2562.65,2507.31,2535.82,290851.7842,0.004430460785638904,0.02518063780958727,0,False,2761.7106277279986,2578.997882097232,9
2024-10-25,2535.82,2566.33,2382.59,2440.62,514799.8822,-0.03826495074970141,0.026251979034331113,2,True,2523.9124365919997,2363.7346739150767,9
2024-10-26,2440.63,2508.0,2430.12,2482.51,248724.8313,0.017018039738213687,0.027179417562039128,2,False,2523.9124365919997,2363.7346739150767,9
2024-10-27,2482.51,2527.99,2464.13,2507.8,137580.8836,0.010135729647841258,0.024845005351169104,2,False,2523.9124365919997,2363.7346739150767,9
2024-10-28,2507.8,2589.67,2471.67,2567.48,360605.327,0.023518998337260344,0.02474606661237327,2,False,2523.9124365919997,2363.7346739150767,9
2024-10-29,2567.49,2681.86,2561.2,2638.8,451915.7025,0.027399395255018,0.024080910115124032,0,True,2721.408117295326,2562.546353265853,9
2024-10-30,2638.8,2722.3,2599.66,2659.19,460627.126,0.007697296775859888,0.020877598009979195,0,False,2721.408117295326,2562.546353265853,9
2024-10-31,2659.19,2669.0,2503.0,2518.61,403427.2017,-0.054314403100932634,0.034802047333073696,0,False,2721.408117295326,2562.546353265853,9
2024-11-01,2518.61,2586.8,2467.67,2511.49,430249.1073,-0.002830959525723158,0.030191772247006785,0,False,2721.408117295326,2562.546353265853,9
2024-11-02,2511.49,2523.45,2470.0,2494.23,145961.13,-0.006896138178868885,0.026153029571155187,0,True,2579.0311722314414,2415.951994863285,9
2024-11-03,2494.23,2496.39,2411.0,2457.73,276009.1197,-0.014741904629285514,0.023016611509989775,0,False,2579.0311722314414,2415.951994863285,9
2024-11-04,2457.73,2491.39,2357.59,2398.21,306316.9645,-0.024515533959114086,0.021348157259788517,0,False,2579.0311722314414,2415.951994863285,9
2024-11-05,2398.21,2480.0,2380.74,2422.55,331619.2545,0.010098078656152792,0.021240221682554062,0,False,2579.0311722314414,2415.951994863285,9
2024-11-06,2422.6,2744.7,2420.3,2721.87,1002141.3618,0.11649843968337495,0.06047216123757599,2,True,2935.846569960037,2524.3531661907346,9
2024-11-07,2721.88,2916.11,2699.49,2895.47,730845.9524,0.06182830263713826,0.05525999570711943,2,False,2935.846569960037,2524.3531661907346,9
2024-11-08,2895.47,2981.69,2886.4,2961.75,568864.435,0.022632863127550862,0.04812812338672207,2,False,2935.846569960037,2524.3531661907346,9
2024-11-09,2961.75,3157.4,2953.71,3126.21,526719.4212,0.054041098393057894,0.04307195183239997,2,False,2935.846569960037,2524.3531661907346,9
2024-11-10,3126.2,3248.52,3069.0,3183.21,865536.7322,0.018068713372695295,0.03829777409920749,0,True,3341.6928147374397,3036.918171011594,9
2024-11-11,3183.2,3387.61,3105.0,3371.59,1000093.9664,0.05749432156742296,0.03524732828901301,0,False,3341.6928147374397,3036.918171011594,9
2024-11-12,3371.59,3442.5,3207.67,3243.8,973215.7285,-0.038638961114455625,0.0472103728248792,0,False,3341.6928147374397,3036.918171011594,9
2024-11-13,3243.79,3331.0,3116.69,3187.16,919686.3747,-0.01761524394286781,0.044347421997879825,0,False,3341.6928147374397,3036.918171011594,9
2024-11-14,3187.16,3240.4,3028.56,3058.82,605780.6662,-0.041101017450192553,0.04521831061070364,0,False,3341.6928147374397,3036.918171011594,9
2024-11-15,3058.81,3131.06,3014.5,3090.01,519623.6317,0.01014510647198041,0.03962743444742715,2,True,3249.193919331963,2943.070997539727,9
2024-11-16,3090.01,3219.97,3072.0,3132.87,423639.1573,0.013775190182858242,0.0348825328463467,2,False,3249.193919331963,2943.070997539727,9
2024-11-17,3132.88,3162.11,3034.99,3076.0,449818.9575,-0.018319465689832976,0.031924796898095006,2,False,3249.193919331963,2943.070997539727,9
2024-11-18,3075.99,3224.94,3050.01,3207.8,640658.4357,0.04195529227774299,0.03438737093923214,2,False,3249.193919331963,2943.070997539727,9
2024-11-19,3207.81,3221.2,3065.4,3107.44,500112.0194,-0.03178610783031856,0.03540815297095977,2,False,3249.193919331963,2943.070997539727,9
2024-11-20,3107.45,3159.2,3029.41,3069.97,503607.8336,-0.012131446526433241,0.031097591607688792,2,False,3249.193919331963,2943.070997539727,9
2024-11-21,3069.97,3386.73,3032.59,3355.81,974923.3035,0.08902538242000183,0.051104333437935995,2,False,3249.193919331963,2943.070997539727,9
2024-11-22,3355.88,3425.92,3257.54,3327.78,603273.7093,-0.008387756979741928,0.04612367053900721,2,True,3527.316256850187,3143.592685984443,9
2024-11-23,3327.78,3497.51,3312.72,3393.91,721024.0009,0.01967723407217556,0.040087543094772665,2,False,3527.316256850187,3143.592685984443,9
2024-11-24,3393.91,3450.0,3281.4,3361.2,479098.0921,-0.009684596004898337,0.0364766159057432,2,False,3527.316256850187,3143.592685984443,9
2024-11-25,3361.21,3546.66,3300.01,3414.49,949330.37,0.01573008765630806,0.0317820767947857,2,False,3527.316256850187,3143.592685984443,9
2024-11-26,3414.49,3462.49,3252.0,3324.73,672367.1503,-0.02663967292507817,0.032455183281889975,2,True,3465.0061379666377,3195.2443341846424,9
2024-11-27,3324.74,3684.92,3302.4,3653.28,754573.6485,0.09423692640189818,0.051905201045549694,2,False,3465.0061379666377,3195.2443341846424,9
2024-11-28,3653.27,3661.92,3529.76,3578.79,560976.425,-0.020600639750357863,0.04960743129603896,2,False,3465.0061379666377,3195.2443341846424,9
2024-11-29,3578.8,3647.98,3534.28,3592.21,425493.2449,0.003742857528017959,0.043181122177024786,2,False,3465.0061379666377,3195.2443341846424,9
2024-11-30,3592.22,3738.98,3568.4,3703.6,503684.7485,0.030537707609040697,0.03852740705986988,0,True,3889.0971362230143,3532.371874255679,9
2024-12-01,3703.59,3746.8,3659.2,3707.61,429089.2633,0.0010821445867332416,0.03405664048272342,0,False,3889.0971362230143,3532.371874255679,9
2024-12-02,3707.61,3760.0,3554.32,3643.42,737130.569,-0.017464663200909804,0.03255993170044879,0,False,3889.0971362230143,3532.371874255679,9
2024-12-03,3643.43,3670.0,3500.0,3614.51,678400.2032,-0.007966500888801449,0.028808916901320224,0,False,3889.0971362230143,3532.371874255679,9
2024-12-04,3614.51,3887.24,3614.51,3837.8,968744.0399,0.059942985664728034,0.037008820746049234,2,True,4022.4421879369443,3667.3610572889747,9
2024-12-05,3837.8,3956.0,3677.0,3785.2,946493.276,-0.013800560101564462,0.03497057552705542,2,False,4022.4421879369443,3667.3610572889747,9
2024-12-06,3785.21,4087.73,3777.26,3998.87,803855.1146,0.05491309555730834,0.03722565548910922,2,False,4022.4421879369443,3667.3610572889747,9
2024-12-07,3998.87,4024.46,3968.0,3996.22,283920.02,-0.0006629068833607846,0.03368305353610464,2,False,4022.4421879369443,3667.3610572889747,9
2024-12-08,3996.22,4015.58,3923.5,4004.15,251362.1685,0.001982408962845158,0.029797668353230628,0,True,4159.258633857565,3860.972799516094,9
2024-12-09,4004.15,4006.17,3509.0,3712.0,939642.2001,-0.07576050836477918,0.048379400889299415,0,False,4159.258633857565,3860.972799516094,9
2024-12-10,3712.0,3780.76,3515.89,3628.25,942206.0337,-0.022820376555618988,0.04231554266254705,0,False,4159.258633857565,3860.972799516094,9
2024-12-11,3628.24,3848.64,3562.34,3831.81,461818.7801,0.05458683804756234,0.04849083885036329,0,False,4159.258633857565,3860.972799516094,9
2024-12-12,3831.82,3987.41,3796.8,3881.61,572098.6343,0.012912739605591311,0.04221645787687818,2,True,4094.63817257731,3684.9686099286373,9
2024-12-13,3881.6,3968.47,3852.94,3906.8,387765.6873,0.006468608569695954,0.036561248487976844,2,False,4094.63817257731,3684.9686099286373,9
2024-12-14,3906.8,3945.0,3825.03,3870.29,265538.9479,-0.00938918495649458,0.03248112536946316,2,False,4094.63817257731,3684.9686099286373,9
2024-12-15,3870.3,3974.61,3831.5,3959.09,253833.2141,0.022684761244299443,0.029712187755077914,2,False,4094.63817257731,3684.9686099286373,9
2024-12-16,3959.09,4107.8,3884.0,3986.24,673351.0723,0.006834229836600995,0.02573260462753163,2,False,4094.63817257731,3684.9686099286373,9
2024-12-17,3986.24,4041.82,3847.96,3893.01,450825.9861,-0.023665793377496414,0.026556157202076294,0,True,4027.408401214032,3768.9499373408944,9
2024-12-18,3893.01,3907.19,3617.42,3626.8,722505.0618,-0.0708319205483303,0.04013508314979944,0,False,4027.408401214032,3768.9499373408944,9
2024-12-19,3626.8,3720.0,3326.8,3417.01,1078153.4851,-0.05958481711713975,0.03980983288892939,0,False,4027.408401214032,3768.9499373408944,9
2024-12-20,3417.01,3497.84,3101.9,3472.21,1332783.731,0.016025379167371515,0.040268340258702746,0,False,4027.408401214032,3768.9499373408944,9
2024-12-21,3472.2,3555.18,3293.11,3338.92,475275.82,-0.039143877434748564,0.03633391034366467,2,True,3496.63082590207,3193.3407760903974,9
2024-12-22,3338.92,3403.0,3221.1,3281.83,361920.2495,-0.017246207763233396,0.03157276616918692,2,False,3496.63082590207,3193.3407760903974,9
2024-12-23,3281.83,3466.99,3216.97,3422.53,488253.41,0.04197885002231501,0.040329265687185686,2,False,3496.63082590207,3193.3407760903974,9
2024-12-24,3422.53,3539.65,3358.19,3493.18,315723.6763,0.02043245246735483,0.03698124025453601,2,False,3496.63082590207,3193.3407760903974,9
2024-12-25,3493.17,3547.95,3440.93,3497.0,219846.0452,0.0010929619495551213,0.032026774418855916,0,True,3642.596919185561,3362.602843828713,9
2024-12-26,3497.0,3514.94,3304.63,3335.05,310170.1719,-0.047417786322290045,0.03579974267279329,0,False,3642.596919185561,3362.602843828713,9
2024-12-27,3335.04,3444.16,3306.6,3333.51,342529.6038,-0.0004618688374630609,0.031401772333877004,0,False,3642.596919185561,3362.602843828713,9
2024-12-28,3333.51,3428.68,3322.23,3404.0,175963.613,0.02092540778964204,0.03046963775951807,0,False,3642.596919185561,3362.602843828713,9
2024-12-29,3404.01,3413.78,3326.17,3356.48,156256.8819,-0.014058404920025682,0.02707340875511016,0,True,3474.612761523858,3247.4343739779774,9
2024-12-30,3356.48,3437.59,3305.0,3361.84,420794.6476,0.0015956373430380765,0.023610472470096136,1,False,3474.612761523858,3247.4343739779774,9
2024-12-30,3356.48,3437.59,3305.0,3361.84,420794.6476,,,1,True,,,8
2024-12-31,3361.83,3451.0,3315.59,3337.78,303053.1685,-0.0071825277956856,,1,False,,,8
