timestamp,open,high,low,close,volume,close_time,quote_asset_volume,num_trades,taker_buy_base_vol,taker_buy_quote_vol,ignore
2024-01-01,101.72000000,109.93000000,101.44000000,109.91000000,4403310.37000000,2024-01-01 23:59:59.999,464763783.10890000,563530,2246699.81000000,237204677.83070000,0
2024-01-02,109.93000000,116.95000000,106.02000000,106.73000000,7831366.05000000,2024-01-02 23:59:59.999,872701826.11610000,1029366,4008477.70000000,446827198.45850000,0
2024-01-03,106.72000000,109.90000000,85.00000000,98.52000000,12221060.38000000,2024-01-03 23:59:59.999,1229680872.76490000,1428502,6232536.62000000,627433827.02820000,0
2024-01-04,98.52000000,108.15000000,96.60000000,104.91000000,7235482.95000000,2024-01-04 23:59:59.999,737464117.30160000,828177,3653791.90000000,372489031.14830000,0
2024-01-05,104.91000000,105.48000000,95.23000000,99.94000000,6703567.21000000,2024-01-05 23:59:59.999,670654588.26400000,792668,3291710.91000000,329377085.30620000,0
2024-01-06,99.93000000,100.30000000,91.53000000,93.77000000,5151478.03000000,2024-01-06 23:59:59.999,489617161.26860000,613981,2480905.00000000,235955276.84680000,0
2024-01-07,93.77000000,96.80000000,87.68000000,89.44000000,5547334.15000000,2024-01-07 23:59:59.999,518106999.38830000,610413,2580916.31000000,241282856.95520000,0
2024-01-08,89.44000000,99.97000000,85.16000000,97.88000000,9677497.13000000,2024-01-08 23:59:59.999,898941032.18470000,1011344,4710092.51000000,438203479.64750000,0
2024-01-09,97.88000000,104.89000000,95.25000000,99.36000000,8574930.67000000,2024-01-09 23:59:59.999,856996851.97270000,1264291,4321290.81000000,432338871.21310000,0
2024-01-10,99.36000000,105.52000000,91.68000000,102.00000000,8634280.07000000,2024-01-10 23:59:59.999,844272802.60540000,1171099,4381449.74000000,428847765.95380000,0
2024-01-11,101.99000000,107.32000000,97.67000000,99.90000000,8986682.95000000,2024-01-11 23:59:59.999,917867725.42330000,1293558,4538503.46000000,463763615.28730000,0
2024-01-12,99.89000000,100.49000000,87.00000000,92.12000000,6462190.24000000,2024-01-12 23:59:59.999,617727525.69660000,875300,3043361.85000000,291130683.46350000,0
2024-01-13,92.14000000,97.05000000,89.51000000,95.85000000,4054010.92000000,2024-01-13 23:59:59.999,378014581.52990000,483031,2011237.70000000,187619835.96010000,0
2024-01-14,95.85000000,102.87000000,93.62000000,93.81000000,5767904.66000000,2024-01-14 23:59:59.999,563898813.33970000,756466,2891152.04000000,282743985.97010000,0
2024-01-15,93.81000000,96.96000000,92.97000000,94.36000000,3605978.31000000,2024-01-15 23:59:59.999,343222588.91550000,434916,1739738.38000000,165668405.47980000,0
2024-01-16,94.35000000,98.73000000,94.16000000,97.61000000,3768288.08000000,2024-01-16 23:59:59.999,364626155.02710000,443725,1892826.06000000,183226578.56830000,0
2024-01-17,97.60000000,102.80000000,96.50000000,102.10000000,6932306.54000000,2024-01-17 23:59:59.999,694509428.59280000,890899,3613340.78000000,362073414.42950000,0
2024-01-18,102.10000000,103.59000000,91.41000000,94.40000000,6216673.00000000,2024-01-18 23:59:59.999,605242236.53430000,714584,3072389.67000000,299429596.42670000,0
2024-01-19,94.39000000,95.47000000,87.04000000,93.62000000,6357442.75000000,2024-01-19 23:59:59.999,586831116.74000000,684705,3168213.54000000,292427897.82480000,0
2024-01-20,93.62000000,94.27000000,90.20000000,92.88000000,2799385.87000000,2024-01-20 23:59:59.999,258219863.82510000,301796,1369328.96000000,126304723.06080000,0
2024-01-21,92.88000000,93.93000000,90.79000000,91.09000000,2013751.83000000,2024-01-21 23:59:59.999,186423090.09210000,229723,969328.97000000,89740138.70210000,0
2024-01-22,91.08000000,91.90000000,82.06000000,83.84000000,7065444.82000000,2024-01-22 23:59:59.999,613926823.35880000,708563,3395322.41000000,295056728.98260000,0
2024-01-23,83.84000000,86.00000000,79.00000000,84.35000000,8284305.33000000,2024-01-23 23:59:59.999,677658028.81720000,830273,4120348.42000000,337302292.54910000,0
2024-01-24,84.36000000,89.47000000,83.30000000,88.77000000,6058894.15000000,2024-01-24 23:59:59.999,522038046.01900000,591745,3133569.06000000,270094314.54770000,0
2024-01-25,88.77000000,89.64000000,85.09000000,86.91000000,4002698.20000000,2024-01-25 23:59:59.999,350394786.47190000,475624,2000334.88000000,175170645.31780000,0
2024-01-26,86.90000000,93.72000000,85.96000000,92.28000000,4693818.55000000,2024-01-26 23:59:59.999,425941268.20700000,560673,2402891.58000000,218010448.57730000,0
2024-01-27,92.29000000,94.50000000,90.68000000,94.28000000,2735837.45000000,2024-01-27 23:59:59.999,253216534.31180000,302341,1423849.38000000,131819116.77930000,0
2024-01-28,94.27000000,99.44000000,93.31000000,95.98000000,5618408.23000000,2024-01-28 23:59:59.999,541703113.86270000,648842,2919224.19000000,281536683.69330000,0
2024-01-29,95.99000000,101.98000000,95.06000000,101.68000000,5772519.82000000,2024-01-29 23:59:59.999,569954869.72520000,634094,3007737.00000000,297076844.96590000,0
2024-01-30,101.67000000,106.49000000,100.95000000,101.40000000,6990527.25000000,2024-01-30 23:59:59.999,726848061.36780000,743499,3556509.31000000,369911937.02120000,0
2024-01-31,101.40000000,102.73000000,95.90000000,96.96000000,8609956.87000000,2024-01-31 23:59:59.999,859420024.33370000,914548,4288753.19000000,428288268.77050000,0
2024-02-01,96.96000000,98.11000000,93.11000000,97.81000000,6556006.07000000,2024-02-01 23:59:59.999,627562058.69940000,652301,3228196.33000000,309093273.84010000,0
2024-02-02,97.81000000,102.57000000,97.39000000,100.58000000,5487861.84000000,2024-02-02 23:59:59.999,548625813.66620000,580111,2751200.63000000,275124077.63040000,0
2024-02-03,100.57000000,101.24000000,96.53000000,97.96000000,2787373.11000000,2024-02-03 23:59:59.999,274762025.03280000,292310,1382286.53000000,136281901.06360000,0
2024-02-04,97.95000000,98.59000000,95.08000000,95.49000000,2914876.34000000,2024-02-04 23:59:59.999,282911440.80330000,295763,1423038.52000000,138173035.86010000,0
2024-02-05,95.48000000,98.70000000,94.11000000,95.66000000,3891146.06000000,2024-02-05 23:59:59.999,375072768.13810000,381857,1964214.86000000,189483103.37250000,0
2024-02-06,95.66000000,97.88000000,92.88000000,96.88000000,4279238.07000000,2024-02-06 23:59:59.999,408309176.20140000,407235,2154937.56000000,205595782.43370000,0
2024-02-07,96.87000000,101.58000000,94.62000000,101.14000000,4577672.06000000,2024-02-07 23:59:59.999,446039059.91970000,489245,2329138.14000000,227261096.61420000,0
2024-02-08,101.14000000,104.98000000,100.51000000,102.76000000,5082811.46000000,2024-02-08 23:59:59.999,521415121.73230000,574488,2548368.44000000,261425100.13790000,0
2024-02-09,102.77000000,109.13000000,102.76000000,106.94000000,6686758.45000000,2024-02-09 23:59:59.999,705846559.51410000,724146,3467051.74000000,366014739.06680000,0
2024-02-10,106.94000000,110.86000000,106.86000000,109.01000000,3939526.49000000,2024-02-10 23:59:59.999,429171975.24340000,451222,2005802.90000000,218541100.55890000,0
2024-02-11,109.01000000,110.67000000,107.24000000,107.46000000,2755398.40000000,2024-02-11 23:59:59.999,300070898.86570000,337007,1329304.41000000,144792952.79430000,0
2024-02-12,107.46000000,112.22000000,103.40000000,111.64000000,6169652.05000000,2024-02-12 23:59:59.999,665452212.16850000,684788,3098042.67000000,334279630.39970000,0
2024-02-13,111.65000000,115.15000000,108.25000000,112.48000000,5622825.56000000,2024-02-13 23:59:59.999,631903077.79330000,674183,2771345.37000000,311405826.25770000,0
2024-02-14,112.49000000,118.69000000,110.61000000,116.97000000,4884824.42000000,2024-02-14 23:59:59.999,563977441.67390000,593380,2535103.80000000,292809396.44940000,0
2024-02-15,116.97000000,118.39000000,111.51000000,113.50000000,4927735.50000000,2024-02-15 23:59:59.999,567749563.97490000,658457,2277417.52000000,262353178.74950000,0
2024-02-16,113.50000000,114.25000000,107.94000000,110.33000000,3947132.77000000,2024-02-16 23:59:59.999,438070793.20230000,521407,1907792.46000000,211814412.40890000,0
2024-02-17,110.32000000,111.08000000,105.00000000,108.92000000,2897705.67000000,2024-02-17 23:59:59.999,314210779.89930000,388340,1328720.54000000,144136048.85460000,0
2024-02-18,108.92000000,114.04000000,107.51000000,112.24000000,3083833.73000000,2024-02-18 23:59:59.999,343205223.46570000,414145,1589233.83000000,176806018.08160000,0
2024-02-19,112.25000000,114.87000000,110.75000000,111.53000000,3746704.95000000,2024-02-19 23:59:59.999,422129836.04570000,514577,1822769.11000000,205431020.34460000,0
2024-02-20,111.53000000,112.11000000,103.00000000,108.31000000,5676734.13000000,2024-02-20 23:59:59.999,614703000.80990000,732595,2793426.70000000,302432954.19550000,0
2024-02-21,108.32000000,108.40000000,100.23000000,105.03000000,4752688.01000000,2024-02-21 23:59:59.999,493622986.47060000,638631,2247491.44000000,233441642.56790000,0
2024-02-22,105.04000000,107.10000000,101.53000000,101.76000000,3905642.33000000,2024-02-22 23:59:59.999,408028903.11970000,532651,2017092.37000000,210745180.83830000,0
2024-02-23,101.75000000,103.10000000,98.64000000,99.90000000,3546853.99000000,2024-02-23 23:59:59.999,359325149.93840000,441289,1746511.02000000,176969708.62940000,0
2024-02-24,99.91000000,104.85000000,98.48000000,104.01000000,2334116.02000000,2024-02-24 23:59:59.999,237972991.02250000,300412,1238506.30000000,126296954.49450000,0
2024-02-25,104.02000000,104.43000000,102.00000000,103.47000000,1967184.81000000,2024-02-25 23:59:59.999,202983222.20780000,285185,933488.17000000,96331564.64630000,0
2024-02-26,103.47000000,110.89000000,100.29000000,109.90000000,5392138.71000000,2024-02-26 23:59:59.999,570413289.46480000,723403,2824015.44000000,298794797.94010000,0
2024-02-27,109.90000000,112.30000000,105.29000000,108.36000000,6198163.52000000,2024-02-27 23:59:59.999,679932921.20060000,910828,3061442.24000000,335848421.70370000,0
2024-02-28,108.35000000,119.06000000,106.85000000,119.03000000,11832282.01000000,2024-02-28 23:59:59.999,1332835060.49580000,1812047,6046391.03000000,681766965.72580000,0
2024-02-29,119.03000000,134.65000000,117.15000000,125.68000000,13847087.32000000,2024-02-29 23:59:59.999,1758043857.42170000,2407149,7077792.29000000,898386234.68540000,0
2024-03-01,125.68000000,137.80000000,125.61000000,129.43000000,8376631.09000000,2024-03-01 23:59:59.999,1112504025.33270000,1579108,4210208.46000000,559323763.57170000,0
2024-03-02,129.43000000,131.69000000,127.20000000,130.02000000,4693251.94000000,2024-03-02 23:59:59.999,605833422.17760000,935924,2356730.62000000,304358057.60530000,0
2024-03-03,130.03000000,132.11000000,124.17000000,130.16000000,5228370.86000000,2024-03-03 23:59:59.999,674383368.58000000,957739,2544717.28000000,328461274.09880000,0
2024-03-04,130.16000000,134.95000000,127.35000000,133.27000000,8053684.79000000,2024-03-04 23:59:59.999,1054037091.22050000,1354011,3948899.12000000,517039170.49080000,0
2024-03-05,133.26000000,142.72000000,105.00000000,125.31000000,17035242.52000000,2024-03-05 23:59:59.999,2212988765.09510000,2728801,8429665.84000000,1097205367.63500000,0
2024-03-06,125.31000000,134.95000000,120.00000000,130.79000000,9581617.48000000,2024-03-06 23:59:59.999,1233993440.98010000,1528038,4775652.18000000,614998226.91460000,0
2024-03-07,130.80000000,149.30000000,130.52000000,143.82000000,10952975.30000000,2024-03-07 23:59:59.999,1553231320.47470000,1976430,5566167.33000000,789450717.16030000,0
2024-03-08,143.82000000,152.64000000,142.00000000,144.79000000,8096745.65000000,2024-03-08 23:59:59.999,1186459433.42290000,1440300,4090161.97000000,599571234.59920000,0
2024-03-09,144.79000000,149.15000000,143.54000000,144.29000000,3686876.81000000,2024-03-09 23:59:59.999,539026432.73400000,669430,1716521.03000000,250936918.21520000,0
2024-03-10,144.30000000,148.50000000,140.43000000,144.39000000,4489519.25000000,2024-03-10 23:59:59.999,651013489.98280000,754488,2233245.72000000,323813363.07120000,0
2024-03-11,144.39000000,150.20000000,136.49000000,148.83000000,7743384.35000000,2024-03-11 23:59:59.999,1126194337.66580000,1296958,3991337.90000000,580052514.55870000,0
2024-03-12,148.83000000,155.00000000,141.50000000,151.05000000,8930538.00000000,2024-03-12 23:59:59.999,1337735992.29900000,1590998,4504142.03000000,675063357.22200000,0
2024-03-13,151.06000000,166.73000000,148.71000000,163.90000000,7627285.95000000,2024-03-13 23:59:59.999,1188025236.90350000,1411841,3999753.37000000,623238834.95290000,0
2024-03-14,163.90000000,178.50000000,159.20000000,176.65000000,10423585.86000000,2024-03-14 23:59:59.999,1755161226.80100000,2198598,5336105.12000000,899064359.00120000,0
2024-03-15,176.65000000,188.98000000,164.50000000,183.95000000,17484961.60000000,2024-03-15 23:59:59.999,3111253071.41390000,3444279,8939610.38000000,1592456881.11840000,0
2024-03-16,183.95000000,197.95000000,176.78000000,182.05000000,13017058.01000000,2024-03-16 23:59:59.999,2445058679.46210000,2909824,6537189.17000000,1228557596.05520000,0
2024-03-17,182.05000000,205.20000000,178.55000000,201.86000000,10524537.06000000,2024-03-17 23:59:59.999,2004364577.51840000,2323291,5418701.75000000,1032568529.40450000,0
2024-03-18,201.85000000,210.18000000,193.80000000,195.92000000,11583736.08000000,2024-03-18 23:59:59.999,2344955653.17510000,2540129,5989733.78000000,1213321252.46850000,0
2024-03-19,195.92000000,198.68000000,166.00000000,169.82000000,16935298.87000000,2024-03-19 23:59:59.999,3057454424.49430000,3396222,8742850.22000000,1578045170.70160000,0
2024-03-20,169.82000000,193.19000000,162.45000000,191.77000000,12365784.68000000,2024-03-20 23:59:59.999,2168361320.83780000,2660068,6335224.11000000,1112457581.73370000,0
2024-03-21,191.76000000,195.68000000,175.84000000,179.46000000,8064316.56000000,2024-03-21 23:59:59.999,1503728905.92720000,1955883,4312582.73000000,804179185.20110000,0
2024-03-22,179.46000000,181.95000000,167.57000000,175.21000000,6152106.89000000,2024-03-22 23:59:59.999,1071851931.73560000,1468995,3026578.42000000,527565197.18860000,0
2024-03-23,175.21000000,179.00000000,170.38000000,172.65000000,3504716.61000000,2024-03-23 23:59:59.999,614080772.87990000,859128,1719499.98000000,301275268.49370000,0
2024-03-24,172.65000000,186.78000000,171.25000000,183.88000000,3578259.38000000,2024-03-24 23:59:59.999,633069986.07300000,800450,1818336.20000000,321879404.72430000,0
2024-03-25,183.87000000,194.60000000,180.92000000,188.99000000,5240091.85000000,2024-03-25 23:59:59.999,990571953.49720000,1122467,2696879.57000000,509958660.58560000,0
2024-03-26,188.98000000,196.57000000,186.00000000,190.46000000,4465611.36000000,2024-03-26 23:59:59.999,855869951.72650000,968440,2252721.60000000,431665419.85320000,0
2024-03-27,190.46000000,192.74000000,180.00000000,186.33000000,5173929.09000000,2024-03-27 23:59:59.999,963119325.23710000,1098295,2584253.69000000,481343670.65550000,0
2024-03-28,186.34000000,190.93000000,180.92000000,189.63000000,3602194.14000000,2024-03-28 23:59:59.999,670716258.48360000,749165,1821395.24000000,339252817.32510000,0
2024-03-29,189.64000000,193.00000000,183.39000000,192.01000000,3580115.76000000,2024-03-29 23:59:59.999,671638567.42550000,728399,1814537.13000000,340476294.67820000,0
2024-03-30,192.02000000,200.00000000,190.71000000,194.20000000,3491334.38000000,2024-03-30 23:59:59.999,684129474.87230000,758168,1781909.24000000,349261261.12770000,0
2024-03-31,194.19000000,203.17000000,193.69000000,202.45000000,2398135.45000000,2024-03-31 23:59:59.999,474008544.46400000,522989,1280799.57000000,253312915.56890000,0
2024-04-01,202.45000000,204.46000000,186.87000000,192.24000000,4599776.65000000,2024-04-01 23:59:59.999,898620905.57710000,932165,2229760.37000000,435786472.22720000,0
2024-04-02,192.24000000,192.24000000,175.92000000,181.53000000,5766777.40000000,2024-04-02 23:59:59.999,1054470061.65030000,1161554,2858035.42000000,522806902.28190000,0
2024-04-03,181.53000000,192.00000000,176.92000000,185.05000000,5010275.57000000,2024-04-03 23:59:59.999,936613348.87620000,961764,2602010.63000000,486706405.02150000,0
2024-04-04,185.05000000,190.13000000,180.02000000,184.00000000,3773747.36000000,2024-04-04 23:59:59.999,698792503.64500000,728988,1864336.22000000,345450109.29770000,0
2024-04-05,184.00000000,185.07000000,167.84000000,174.37000000,5000847.22000000,2024-04-05 23:59:59.999,873276254.34070000,1053497,2322875.18000000,405538380.78370000,0
2024-04-06,174.37000000,179.89000000,173.54000000,178.68000000,2641869.38000000,2024-04-06 23:59:59.999,467410701.06990000,494775,1312171.54000000,232181955.82900000,0
2024-04-07,178.69000000,182.71000000,176.85000000,179.52000000,2235798.23000000,2024-04-07 23:59:59.999,402864467.69640000,460972,1110615.15000000,200129225.38950000,0
2024-04-08,179.51000000,184.68000000,175.25000000,180.68000000,3690701.97000000,2024-04-08 23:59:59.999,666300708.13330000,659397,1913256.52000000,345486060.05180000,0
2024-04-09,180.68000000,180.90000000,169.11000000,172.42000000,3401885.89000000,2024-04-09 23:59:59.999,595711370.24350000,638002,1687302.84000000,295513183.13500000,0
2024-04-10,172.41000000,175.50000000,162.28000000,173.31000000,4653467.65000000,2024-04-10 23:59:59.999,789367464.63010000,790630,2339048.64000000,396781541.37500000,0
2024-04-11,173.30000000,176.32000000,170.07000000,172.37000000,3761197.49000000,2024-04-11 23:59:59.999,651891318.36900000,649962,1916366.13000000,332244692.36930000,0
2024-04-12,172.37000000,175.98000000,141.00000000,153.16000000,6842096.22000000,2024-04-12 23:59:59.999,1093302149.24220000,1252007,3237774.21000000,517878184.33420000,0
2024-04-13,153.16000000,155.00000000,116.00000000,138.47000000,15444420.06000000,2024-04-13 23:59:59.999,2156725925.99700000,2344436,7404595.98000000,1032814397.23600000,0
2024-04-14,138.47000000,152.84000000,130.45000000,151.25000000,12428370.68000000,2024-04-14 23:59:59.999,1742133326.17800000,1910814,6267060.95000000,879301806.75970000,0
2024-04-15,151.26000000,156.06000000,133.56000000,138.51000000,9332424.74000000,2024-04-15 23:59:59.999,1359049188.77210000,1498623,4707825.45000000,686125031.90200000,0
2024-04-16,138.51000000,140.57000000,126.40000000,136.22000000,9794711.90000000,2024-04-16 23:59:59.999,1308017674.43110000,1530833,5036788.01000000,673071551.41380000,0
2024-04-17,136.21000000,142.77000000,126.87000000,131.84000000,9559485.27000000,2024-04-17 23:59:59.999,1287664513.08000000,1498645,4804193.51000000,647502610.86850000,0
2024-04-18,131.84000000,144.25000000,127.62000000,142.07000000,7805067.82000000,2024-04-18 23:59:59.999,1057713479.81530000,1213277,3940768.89000000,534497873.86310000,0
2024-04-19,142.08000000,147.49000000,128.50000000,142.50000000,11145361.53000000,2024-04-19 23:59:59.999,1564359376.95300000,1717920,5553882.00000000,779761189.24500000,0
2024-04-20,142.50000000,152.39000000,139.66000000,151.22000000,4855973.67000000,2024-04-20 23:59:59.999,705680673.94510000,796179,2482978.78000000,361525875.71620000,0
2024-04-21,151.21000000,153.50000000,146.68000000,148.80000000,3646801.53000000,2024-04-21 23:59:59.999,546975842.84480000,600110,1849078.61000000,277505219.99980000,0
2024-04-22,148.81000000,158.50000000,146.63000000,156.95000000,4967360.16000000,2024-04-22 23:59:59.999,760453706.31630000,804446,2538192.64000000,388603965.85410000,0
2024-04-23,156.94000000,160.00000000,153.04000000,154.75000000,4102272.11000000,2024-04-23 23:59:59.999,641853097.13330000,683700,1995499.95000000,312299705.27660000,0
2024-04-24,154.75000000,159.80000000,145.58000000,147.78000000,6491963.00000000,2024-04-24 23:59:59.999,1000742354.25040000,1056785,3201516.61000000,493661732.58850000,0
2024-04-25,147.79000000,149.60000000,142.09000000,144.84000000,5417465.27000000,2024-04-25 23:59:59.999,792818208.05240000,783470,2725440.80000000,399157214.56900000,0
2024-04-26,144.83000000,146.19000000,138.74000000,139.23000000,3749353.51000000,2024-04-26 23:59:59.999,536537208.98170000,616776,1873287.46000000,268157359.44080000,0
2024-04-27,139.23000000,143.04000000,132.88000000,141.31000000,3821061.91000000,2024-04-27 23:59:59.999,527111064.54100000,569425,1941664.04000000,268043582.01900000,0
2024-04-28,141.31000000,144.82000000,137.03000000,137.99000000,2951913.56000000,2024-04-28 23:59:59.999,420263449.81820000,438504,1514437.30000000,215712798.49270000,0
2024-04-29,137.99000000,138.93000000,133.38000000,137.77000000,4267883.49700000,2024-04-29 23:59:59.999,578946009.02877000,616036,2127631.41500000,288669890.40778000,0
2024-04-30,137.79000000,139.77000000,121.21000000,126.77000000,6026555.48800000,2024-04-30 23:59:59.999,780739771.36254000,989314,2987508.79700000,386735089.12854000,0
2024-05-01,126.76000000,135.97000000,118.47000000,134.64000000,7991325.27100000,2024-05-01 23:59:59.999,1008351786.04678000,1235535,3938878.19200000,497179952.79072000,0
2024-05-02,134.64000000,140.90000000,128.19000000,137.58000000,5743465.62100000,2024-05-02 23:59:59.999,775239966.24235000,881829,2943514.87500000,397167316.91660000,0
2024-05-03,137.58000000,145.00000000,135.88000000,143.69000000,4524855.55600000,2024-05-03 23:59:59.999,636701248.97452000,758139,2366846.22200000,333289355.47610000,0
2024-05-04,143.70000000,149.14000000,142.22000000,146.05000000,2808003.24000000,2024-05-04 23:59:59.999,409395252.13994000,500318,1391174.62900000,202858273.57945000,0
2024-05-05,146.05000000,148.00000000,143.10000000,145.73000000,2131850.26300000,2024-05-05 23:59:59.999,310504070.39615000,396560,1071042.34900000,156017239.58385000,0
2024-05-06,145.74000000,156.89000000,145.40000000,152.82000000,4787441.56700000,2024-05-06 23:59:59.999,729944626.53061000,854076,2483641.38600000,378747053.97158000,0
2024-05-07,152.81000000,159.19000000,147.76000000,148.03000000,4486379.59600000,2024-05-07 23:59:59.999,692683918.35024000,792273,2168235.51600000,334963759.90497000,0
2024-05-08,148.03000000,152.00000000,140.00000000,142.18000000,4533265.34100000,2024-05-08 23:59:59.999,661888498.59383000,756740,2235967.24500000,326687343.96879000,0
2024-05-09,142.17000000,153.39000000,140.61000000,152.57000000,3912139.90800000,2024-05-09 23:59:59.999,571152033.41234000,692980,2021207.01800000,295348770.47660000,0
2024-05-10,152.56000000,155.75000000,144.49000000,146.01000000,4124775.20800000,2024-05-10 23:59:59.999,618548257.76221000,802880,2015043.15900000,302574173.47716000,0
2024-05-11,146.02000000,147.70000000,143.12000000,145.42000000,2017032.81400000,2024-05-11 23:59:59.999,292868240.91002000,401566,978475.25700000,142069060.09327000,0
2024-05-12,145.42000000,147.80000000,142.50000000,143.43000000,1422547.62700000,2024-05-12 23:59:59.999,206518187.54230000,309808,701712.34700000,101909366.36553000,0
2024-05-13,143.42000000,150.88000000,137.78000000,147.54000000,4407929.92300000,2024-05-13 23:59:59.999,636617019.96036000,766364,2207828.06500000,319261761.61100000,0
2024-05-14,147.53000000,149.09000000,141.82000000,142.03000000,3389933.37100000,2024-05-14 23:59:59.999,491650914.90056000,573013,1661272.78300000,240956768.40404000,0
2024-05-15,142.03000000,158.88000000,141.21000000,158.52000000,4885274.20300000,2024-05-15 23:59:59.999,734214270.26841000,749405,2621799.98400000,394299721.32109000,0
2024-05-16,158.52000000,164.79000000,156.46000000,159.37000000,4200112.76500000,2024-05-16 23:59:59.999,675510074.16727000,763259,2104140.95100000,338488293.36262000,0
2024-05-17,159.36000000,174.00000000,159.32000000,169.44000000,4097186.84100000,2024-05-17 23:59:59.999,682669638.66178000,728905,2174941.22900000,362595129.48387000,0
2024-05-18,169.43000000,176.06000000,168.65000000,172.40000000,2874473.99700000,2024-05-18 23:59:59.999,496940232.56438000,577304,1439363.47300000,248933881.95271000,0
2024-05-19,172.40000000,175.50000000,165.96000000,169.93000000,2696984.07400000,2024-05-19 23:59:59.999,460508285.32582000,502213,1366743.73400000,233400153.02211000,0
2024-05-20,169.93000000,188.32000000,167.47000000,186.70000000,5690568.99800000,2024-05-20 23:59:59.999,1022051849.66920000,1057452,2986607.02000000,536993614.54321000,0
2024-05-21,186.69000000,188.89000000,174.37000000,178.15000000,4727780.06400000,2024-05-21 23:59:59.999,854999395.09577000,877587,2268072.49200000,409997168.25251000,0
2024-05-22,178.15000000,185.00000000,174.96000000,176.95000000,4272900.12700000,2024-05-22 23:59:59.999,766148690.37294000,850875,2219424.67100000,398102279.96942000,0
2024-05-23,176.96000000,181.04000000,165.35000000,176.16000000,5598921.63000000,2024-05-23 23:59:59.999,977277434.41105000,1037830,2906972.60600000,507396382.66246000,0
2024-05-24,176.15000000,176.15000000,162.50000000,167.70000000,4819660.64200000,2024-05-24 23:59:59.999,810028558.31071000,856617,2592690.35600000,436172660.90261000,0
2024-05-25,167.70000000,170.55000000,165.90000000,168.35000000,1911443.13500000,2024-05-25 23:59:59.999,321691312.78369000,405433,913344.72000000,153729295.90633000,0
2024-05-26,168.35000000,168.40000000,161.00000000,163.41000000,3126117.98900000,2024-05-26 23:59:59.999,512894771.41766000,537560,1562641.60000000,256365632.27850000,0
2024-05-27,163.42000000,172.28000000,163.26000000,170.15000000,3260017.05500000,2024-05-27 23:59:59.999,547344142.94860000,591480,1688224.02500000,283304224.83869000,0
2024-05-28,170.15000000,173.24000000,164.92000000,168.68000000,3779251.34300000,2024-05-28 23:59:59.999,637522900.01295000,714064,1882025.78100000,317686800.53986000,0
2024-05-29,168.68000000,173.93000000,167.00000000,168.32000000,2946277.29400000,2024-05-29 23:59:59.999,500443628.71600000,607907,1436219.21300000,244129340.62543000,0
2024-05-30,168.32000000,173.00000000,163.55000000,166.88000000,3307767.04700000,2024-05-30 23:59:59.999,555770168.75021000,592495,1611989.88400000,271024192.23503000,0
2024-05-31,166.88000000,170.94000000,163.67000000,165.65000000,2592736.38800000,2024-05-31 23:59:59.999,432816352.94655000,476139,1258131.12000000,210094424.84781000,0
2024-06-01,165.65000000,167.95000000,165.64000000,166.14000000,1070498.92800000,2024-06-01 23:59:59.999,178824432.11781000,214954,511531.91600000,85454713.62660000,0
2024-06-02,166.14000000,167.10000000,161.32000000,163.15000000,1669577.98600000,2024-06-02 23:59:59.999,274722936.49486000,308808,853472.81800000,140434680.34189000,0
2024-06-03,163.14000000,167.21000000,161.79000000,164.89000000,2378016.53200000,2024-06-03 23:59:59.999,392561788.00562000,409680,1220237.42900000,201507197.73255000,0
2024-06-04,164.90000000,171.87000000,164.31000000,171.78000000,2124954.01500000,2024-06-04 23:59:59.999,356126382.83239000,384488,1139887.83600000,191094484.82293000,0
2024-06-05,171.78000000,175.60000000,170.00000000,173.54000000,2560223.58900000,2024-06-05 23:59:59.999,443704811.36120000,435543,1255151.76600000,217608237.78634000,0
2024-06-06,173.55000000,174.40000000,167.51000000,170.15000000,2116238.23400000,2024-06-06 23:59:59.999,363765530.70853000,360006,1034609.04000000,177964987.11729000,0
2024-06-07,170.15000000,172.85000000,152.92000000,162.50000000,3538852.09100000,2024-06-07 23:59:59.999,584574048.04206000,665965,1649973.73500000,272718584.42987000,0
2024-06-08,162.51000000,163.78000000,157.37000000,157.83000000,1789882.65000000,2024-06-08 23:59:59.999,287653524.77527000,338015,848013.14500000,136307543.21986000,0
2024-06-09,157.83000000,163.04000000,156.52000000,162.12000000,1444905.00000000,2024-06-09 23:59:59.999,231109362.89601000,268602,722609.29500000,115568027.13828000,0
2024-06-10,162.12000000,163.18000000,157.46000000,159.05000000,1760276.95400000,2024-06-10 23:59:59.999,281863612.18113000,349749,879124.82200000,140739984.30796000,0
2024-06-11,159.04000000,159.75000000,145.20000000,149.31000000,3646582.77700000,2024-06-11 23:59:59.999,554100633.37648000,736163,1724844.87800000,262110280.77715000,0
2024-06-12,149.31000000,161.84000000,145.44000000,155.22000000,3851856.39400000,2024-06-12 23:59:59.999,598161585.14139000,801266,1934368.62900000,300519079.06842000,0
2024-06-13,155.21000000,155.21000000,146.03000000,147.29000000,2573289.11100000,2024-06-13 23:59:59.999,385605225.31535000,552143,1231600.98500000,184543542.52355000,0
2024-06-14,147.29000000,149.00000000,139.67000000,143.05000000,3183461.49300000,2024-06-14 23:59:59.999,460357684.10748000,606662,1561425.61300000,225955519.82799000,0
2024-06-15,143.04000000,145.78000000,142.92000000,145.52000000,1346924.92200000,2024-06-15 23:59:59.999,194646238.58695000,304623,697042.50600000,100741361.78585000,0
2024-06-16,145.52000000,151.35000000,143.08000000,151.30000000,1405879.42700000,2024-06-16 23:59:59.999,206570978.08947000,299425,732084.22600000,107640393.52705000,0
2024-06-17,151.30000000,151.79000000,139.85000000,143.27000000,3412959.81200000,2024-06-17 23:59:59.999,494336447.73763000,637261,1676851.33900000,242735749.83915000,0
2024-06-18,143.28000000,143.82000000,127.95000000,137.41000000,6557976.71000000,2024-06-18 23:59:59.999,888291180.97423000,1134962,3200591.39600000,433492635.76737000,0
2024-06-19,137.41000000,141.90000000,134.47000000,135.62000000,3536777.46800000,2024-06-19 23:59:59.999,488039592.77287000,614546,1772962.62500000,244574480.44278000,0
2024-06-20,135.62000000,141.29000000,131.90000000,133.55000000,3507680.50800000,2024-06-20 23:59:59.999,475840535.65983000,659932,1751535.47400000,237617240.99995000,0
2024-06-21,133.55000000,135.38000000,128.76000000,134.60000000,3230074.02700000,2024-06-21 23:59:59.999,426673566.80230000,631539,1664726.75500000,219970218.34920000,0
2024-06-22,134.61000000,136.74000000,133.00000000,133.69000000,1399215.89100000,2024-06-22 23:59:59.999,188365519.28270000,334153,658312.92800000,88649791.60643000,0
2024-06-23,133.70000000,135.09000000,128.22000000,128.69000000,1492401.23100000,2024-06-23 23:59:59.999,197001384.22396000,361092,721333.09600000,95160612.41686000,0
2024-06-24,128.68000000,132.66000000,122.00000000,132.33000000,5583497.77700000,2024-06-24 23:59:59.999,709427098.28488000,1013696,2739795.01600000,348243335.54148000,0
2024-06-25,132.34000000,139.90000000,131.20000000,136.58000000,3963661.70400000,2024-06-25 23:59:59.999,541175887.65102000,777729,1958903.11600000,267394209.33806000,0
2024-06-26,136.57000000,140.41000000,134.85000000,136.81000000,2503428.06600000,2024-06-26 23:59:59.999,343612682.12807000,454579,1272673.32400000,174703489.18568000,0
2024-06-27,136.81000000,151.21000000,135.20000000,149.71000000,4450967.43600000,2024-06-27 23:59:59.999,646251166.23058000,762694,2301440.91600000,334049218.75222000,0
2024-06-28,149.71000000,150.84000000,139.01000000,140.03000000,3339031.26700000,2024-06-28 23:59:59.999,481073901.27222000,646751,1615427.12400000,232727750.04398000,0
2024-06-29,140.03000000,143.26000000,139.67000000,140.28000000,1468985.54300000,2024-06-29 23:59:59.999,208157309.84296000,286106,787515.28800000,111612957.32782000,0
2024-06-30,140.28000000,147.62000000,137.09000000,146.61000000,2086670.18900000,2024-06-30 23:59:59.999,296853184.38976000,461577,1062413.23600000,151185138.33404000,0
2024-07-01,146.61000000,149.36000000,145.87000000,146.67000000,2280252.83600000,2024-07-01 23:59:59.999,336552447.23335000,506412,1159803.68700000,171193138.21093000,0
2024-07-02,146.68000000,155.00000000,146.14000000,154.03000000,2776061.29200000,2024-07-02 23:59:59.999,417015417.22148000,650428,1426510.32600000,214261465.25519000,0
2024-07-03,154.03000000,154.50000000,139.01000000,140.84000000,4189341.93300000,2024-07-03 23:59:59.999,607418245.77144000,942154,2064604.33900000,298831050.25893000,0
2024-07-04,140.84000000,142.75000000,127.20000000,127.86000000,5230812.15800000,2024-07-04 23:59:59.999,702763141.49909000,1340234,2592441.16600000,348467920.92445000,0
2024-07-05,127.85000000,136.58000000,121.00000000,134.32000000,7669471.23100000,2024-07-05 23:59:59.999,983389317.89722000,1888690,3698006.23900000,474757729.14043000,0
2024-07-06,134.32000000,144.35000000,132.33000000,143.05000000,2873919.13600000,2024-07-06 23:59:59.999,398979042.90841000,809402,1392969.49600000,193709015.08626000,0
2024-07-07,143.05000000,143.33000000,131.23000000,131.64000000,2590805.36900000,2024-07-07 23:59:59.999,357932288.79140000,824773,1286895.53200000,177852756.23076000,0
2024-07-08,131.64000000,142.00000000,127.77000000,139.81000000,5708358.00800000,2024-07-08 23:59:59.999,778233609.89992000,1758085,2931965.25800000,400251614.89999000,0
2024-07-09,139.81000000,144.33000000,136.45000000,141.42000000,3363673.60600000,2024-07-09 23:59:59.999,474835006.13947000,933893,1693600.92200000,239142540.06069000,0
2024-07-10,141.43000000,146.20000000,138.60000000,141.98000000,2700825.89300000,2024-07-10 23:59:59.999,384433518.86052000,768227,1399114.63300000,199167070.10794000,0
2024-07-11,141.99000000,146.10000000,135.64000000,135.73000000,3363094.13000000,2024-07-11 23:59:59.999,472185792.21612000,946184,1661832.41900000,233471098.99574000,0
2024-07-12,135.73000000,140.55000000,133.92000000,139.46000000,2929528.43100000,2024-07-12 23:59:59.999,400570824.13592000,829615,1462385.39200000,200090907.47269000,0
2024-07-13,139.47000000,143.60000000,137.94000000,141.90000000,1357177.62100000,2024-07-13 23:59:59.999,190214241.69670000,448463,688086.79400000,96464182.91858000,0
2024-07-14,141.89000000,148.56000000,141.87000000,147.66000000,2997466.75700000,2024-07-14 23:59:59.999,435942051.37289000,768260,1481507.14000000,215481403.51509000,0
2024-07-15,147.66000000,159.95000000,147.00000000,159.38000000,3428848.52200000,2024-07-15 23:59:59.999,526088294.36737000,1139996,1767224.79900000,271286005.78487000,0
2024-07-16,159.37000000,162.49000000,152.57000000,160.62000000,3988105.45400000,2024-07-16 23:59:59.999,629159430.00225000,1421402,1950385.55100000,307883983.61939000,0
2024-07-17,160.62000000,163.80000000,154.68000000,155.50000000,2840583.09000000,2024-07-17 23:59:59.999,453684708.72590000,971401,1375671.25700000,219932578.33936000,0
2024-07-18,155.50000000,161.60000000,155.07000000,159.22000000,2584704.12400000,2024-07-18 23:59:59.999,409279722.45088000,901379,1275987.18200000,202104612.09613000,0
2024-07-19,159.22000000,172.42000000,156.07000000,169.13000000,4685513.24000000,2024-07-19 23:59:59.999,774783060.77819000,1483093,2333396.45200000,385958237.17017000,0
2024-07-20,169.12000000,175.10000000,167.27000000,173.60000000,2047796.04600000,2024-07-20 23:59:59.999,350329363.85493000,702512,1030797.93500000,176491052.03319000,0
2024-07-21,173.60000000,185.17000000,170.27000000,184.49000000,3684536.41100000,2024-07-21 23:59:59.999,651749302.14181000,1188870,1821412.98800000,322196929.04962000,0
2024-07-22,184.49000000,185.00000000,176.71000000,178.90000000,3345609.52500000,2024-07-22 23:59:59.999,602525041.98770000,1095481,1538093.13200000,277052151.13109000,0
2024-07-23,178.90000000,180.54000000,169.72000000,173.03000000,3895827.33200000,2024-07-23 23:59:59.999,682470078.60841000,1371959,1826854.30100000,320266448.46875000,0
2024-07-24,173.03000000,182.50000000,170.90000000,178.06000000,3845177.71300000,2024-07-24 23:59:59.999,682705655.25175000,1269686,1978311.03800000,351416013.81192000,0
2024-07-25,178.07000000,179.59000000,165.42000000,171.85000000,4859387.42800000,2024-07-25 23:59:59.999,829732654.80752000,1699682,2349892.72300000,401482626.58640000,0
2024-07-26,171.86000000,185.01000000,171.69000000,183.06000000,3030603.24600000,2024-07-26 23:59:59.999,541455609.23512000,1012900,1570554.99700000,280762432.24428000,0
2024-07-27,183.07000000,188.33000000,178.11000000,183.92000000,3518852.05600000,2024-07-27 23:59:59.999,647090166.85253000,1221390,1755496.70200000,323037526.69142000,0
2024-07-28,183.92000000,186.77000000,181.16000000,184.90000000,1901473.95700000,2024-07-28 23:59:59.999,350662180.92843000,748871,931213.73900000,171817362.28968000,0
2024-07-29,184.91000000,193.98000000,181.57000000,182.57000000,4024560.31400000,2024-07-29 23:59:59.999,759977442.45996000,1320755,1967220.54700000,371828230.26427000,0
2024-07-30,182.57000000,184.95000000,175.39000000,179.16000000,3074498.49300000,2024-07-30 23:59:59.999,555301399.55814000,1162904,1430908.82300000,258553838.21855000,0
2024-07-31,179.16000000,185.10000000,171.61000000,171.71000000,3250862.52700000,2024-07-31 23:59:59.999,582939536.24755000,1245080,1612652.29600000,289616268.19583000,0
2024-08-01,171.70000000,172.91000000,157.91000000,167.37000000,5523497.61500000,2024-08-01 23:59:59.999,917091024.19327000,1849971,2587951.66400000,429763487.34234000,0
2024-08-02,167.37000000,169.43000000,150.00000000,152.77000000,5553017.93400000,2024-08-02 23:59:59.999,880989082.65712000,2396392,2668247.08700000,423266423.16637000,0
2024-08-03,152.78000000,154.05000000,140.00000000,142.52000000,5444954.69300000,2024-08-03 23:59:59.999,803132863.99150000,1940755,2781021.19000000,410572234.55089000,0
2024-08-04,142.53000000,146.08000000,131.22000000,138.33000000,7037715.28500000,2024-08-04 23:59:59.999,979026258.03256000,2391187,3596283.93900000,500464079.96059000,0
2024-08-05,138.32000000,139.37000000,110.00000000,129.78000000,24267557.81900000,2024-08-05 23:59:59.999,3003271600.88404000,7092579,11769163.38100000,1457361212.77672000,0
2024-08-06,129.79000000,149.59000000,129.40000000,144.40000000,8362643.63400000,2024-08-06 23:59:59.999,1184669504.90055000,3567599,4250033.72100000,601986157.72905000,0
2024-08-07,144.40000000,155.00000000,142.21000000,144.77000000,8372307.58700000,2024-08-07 23:59:59.999,1249654524.57670000,3639741,4172450.53800000,622749862.20457000,0
2024-08-08,144.78000000,163.70000000,141.40000000,163.13000000,7303133.96000000,2024-08-08 23:59:59.999,1137205545.63164000,3235989,3683640.98800000,573962877.68697000,0
2024-08-09,163.12000000,163.54000000,150.72000000,156.28000000,4098735.23300000,2024-08-09 23:59:59.999,639908115.46544000,1938541,2043792.16100000,319106023.63816000,0
2024-08-10,156.29000000,158.75000000,152.54000000,154.01000000,1885839.23300000,2024-08-10 23:59:59.999,291664636.47097000,1077252,942708.49400000,145823311.91221000,0
2024-08-11,154.01000000,158.00000000,141.20000000,141.57000000,3468314.25500000,2024-08-11 23:59:59.999,517779240.96725000,1395573,1610587.18000000,240857557.11696000,0
2024-08-12,141.56000000,150.79000000,141.20000000,146.29000000,4946945.23900000,2024-08-12 23:59:59.999,721770026.12754000,1945549,2479169.02700000,361709645.50697000,0
2024-08-13,146.29000000,149.82000000,142.92000000,146.65000000,2865655.42300000,2024-08-13 23:59:59.999,418947930.81089000,1243626,1444602.52300000,211242044.26493000,0
2024-08-14,146.65000000,152.18000000,142.36000000,143.71000000,3927148.64700000,2024-08-14 23:59:59.999,575678706.56274000,1172123,1922550.91500000,281924516.04145000,0
2024-08-15,143.70000000,147.64000000,137.78000000,142.58000000,4229038.81600000,2024-08-15 23:59:59.999,603098548.31330000,1687515,2061374.48700000,294187642.34294000,0
2024-08-16,142.58000000,144.88000000,136.10000000,139.04000000,4035320.60500000,2024-08-16 23:59:59.999,567440808.99247000,1602737,1916579.92900000,269787025.47699000,0
2024-08-17,139.04000000,141.99000000,137.61000000,141.93000000,1561594.10300000,2024-08-17 23:59:59.999,218485355.29024000,647642,801082.31900000,112103784.00412000,0
2024-08-18,141.92000000,147.31000000,140.56000000,142.42000000,2352046.74300000,2024-08-18 23:59:59.999,339317046.09327000,908299,1147600.17200000,165548842.15258000,0
2024-08-19,142.42000000,146.19000000,140.33000000,144.29000000,2940357.95300000,2024-08-19 23:59:59.999,420454387.86405000,1271189,1438681.93000000,205787278.08241000,0
2024-08-20,144.28000000,148.83000000,141.00000000,142.27000000,3021467.59600000,2024-08-20 23:59:59.999,437968467.22535000,1009714,1488012.26600000,215808693.97621000,0
2024-08-21,142.27000000,144.42000000,138.70000000,142.79000000,2519581.85900000,2024-08-21 23:59:59.999,357577461.78616000,1129613,1184233.12000000,168105801.40856000,0
2024-08-22,142.78000000,144.88000000,140.63000000,143.22000000,1825402.71800000,2024-08-22 23:59:59.999,260990437.28999000,1002758,888734.23800000,127103651.61771000,0
2024-08-23,143.23000000,154.08000000,142.68000000,153.26000000,3781090.16200000,2024-08-23 23:59:59.999,557770796.32283000,1357176,1977973.72700000,292299196.71055000,0
2024-08-24,153.27000000,162.30000000,151.97000000,160.67000000,3739086.94900000,2024-08-24 23:59:59.999,588656966.40684000,1734854,1971467.95100000,310322997.83350000,0
2024-08-25,160.67000000,162.00000000,155.25000000,158.92000000,2629083.70300000,2024-08-25 23:59:59.999,416869258.12242000,1494935,1271737.40300000,201784492.98367000,0
2024-08-26,158.92000000,162.00000000,155.53000000,157.12000000,3318398.04100000,2024-08-26 23:59:59.999,526697469.93657000,1884429,1603779.67300000,254661633.49625000,0
2024-08-27,157.12000000,159.69000000,145.03000000,146.79000000,3650375.76600000,2024-08-27 23:59:59.999,559434487.43673000,1731229,1723418.51500000,264221063.85309000,0
2024-08-28,146.78000000,149.30000000,140.53000000,143.95000000,4270867.03400000,2024-08-28 23:59:59.999,619453816.72578000,2176364,2032785.14300000,294900081.05389000,0
2024-08-29,143.96000000,147.36000000,138.05000000,140.00000000,2921816.82900000,2024-08-29 23:59:59.999,418889238.56372000,1240221,1441749.65900000,206808957.16436000,0
2024-08-30,140.01000000,141.11000000,132.04000000,137.99000000,4038797.16900000,2024-08-30 23:59:59.999,552772623.16571000,1698401,1959794.05700000,268203728.87617000,0
2024-08-31,137.99000000,139.23000000,134.49000000,135.35000000,1230210.74500000,2024-08-31 23:59:59.999,168333087.14831000,591531,621349.30000000,85020899.85194000,0
2024-09-01,135.35000000,136.15000000,127.66000000,128.50000000,2928444.74100000,2024-09-01 23:59:59.999,386814972.37561000,1198069,1436426.03400000,189835665.89066000,0
2024-09-02,128.50000000,135.39000000,126.80000000,134.94000000,3146315.55400000,2024-09-02 23:59:59.999,411715340.55512000,1260396,1605285.88900000,210238483.88918000,0
2024-09-03,134.95000000,138.13000000,127.15000000,127.54000000,2627381.92500000,2024-09-03 23:59:59.999,347419442.89269000,1240227,1230668.39700000,162991522.26287000,0
2024-09-04,127.54000000,134.98000000,122.60000000,133.64000000,3814059.10900000,2024-09-04 23:59:59.999,493863453.34695000,1556072,1890100.39800000,244864196.75787000,0
2024-09-05,133.64000000,135.58000000,127.85000000,129.41000000,2762037.05200000,2024-09-05 23:59:59.999,363814655.91648000,1232457,1307987.44600000,172461704.34368000,0
2024-09-06,129.40000000,134.29000000,120.00000000,125.05000000,5494252.37000000,2024-09-06 23:59:59.999,698281647.27321000,2536448,2519638.50600000,320867284.52729000,0
2024-09-07,125.05000000,129.50000000,124.13000000,127.71000000,2111596.96500000,2024-09-07 23:59:59.999,268366867.55258000,805061,1091453.98100000,138736597.07503000,0
2024-09-08,127.72000000,131.70000000,126.61000000,130.15000000,1971919.86600000,2024-09-08 23:59:59.999,254464239.08089000,796387,982486.20300000,126782487.44089000,0
2024-09-09,130.15000000,137.09000000,126.96000000,135.08000000,3664956.87800000,2024-09-09 23:59:59.999,481085523.61761000,1522972,1858724.77700000,244054073.41437000,0
2024-09-10,135.07000000,138.00000000,132.50000000,135.63000000,2305171.22000000,2024-09-10 23:59:59.999,311229293.36815000,1208968,1132208.12000000,152941068.93519000,0
2024-09-11,135.64000000,135.91000000,128.20000000,132.42000000,3139383.41800000,2024-09-11 23:59:59.999,414398406.21866000,1674623,1554049.88700000,205191668.88021000,0
2024-09-12,132.43000000,136.78000000,132.38000000,136.05000000,2273359.30900000,2024-09-12 23:59:59.999,306779738.70621000,1205435,1167799.11000000,157598837.30642000,0
2024-09-13,136.06000000,139.80000000,131.70000000,139.02000000,2714532.02500000,2024-09-13 23:59:59.999,368359528.65679000,1086185,1342386.41500000,182300965.16705000,0
2024-09-14,139.02000000,139.80000000,135.60000000,137.14000000,1396833.29800000,2024-09-14 23:59:59.999,192268912.45152000,573529,689635.34600000,94934406.88072000,0
2024-09-15,137.15000000,137.95000000,130.43000000,131.37000000,1850456.74000000,2024-09-15 23:59:59.999,248848021.94444000,769118,858817.80600000,115525231.49275000,0
2024-09-16,131.38000000,132.40000000,128.91000000,131.47000000,2136388.30500000,2024-09-16 23:59:59.999,279606319.67364000,1104570,1010353.69800000,132262932.41339000,0
2024-09-17,131.47000000,135.55000000,130.12000000,131.54000000,2339845.91100000,2024-09-17 23:59:59.999,310574750.11516000,1168533,1147980.27000000,152406474.93575000,0
2024-09-18,131.54000000,134.45000000,127.07000000,134.34000000,3309787.25800000,2024-09-18 23:59:59.999,430929910.80921000,1494231,1712975.47800000,223099732.05720000,0
2024-09-19,134.34000000,144.04000000,134.27000000,142.89000000,4130435.35000000,2024-09-19 23:59:59.999,577699422.06203000,1537605,2124830.12300000,297081703.04948000,0
2024-09-20,142.88000000,152.50000000,141.18000000,146.66000000,4488100.61500000,2024-09-20 23:59:59.999,664077947.16975000,1794412,2179104.30000000,322332048.19212000,0
2024-09-21,146.67000000,150.25000000,144.61000000,149.41000000,1916733.21600000,2024-09-21 23:59:59.999,282626113.20776000,706885,962477.35700000,142042353.76207000,0
2024-09-22,149.42000000,149.92000000,141.12000000,144.63000000,2165962.88800000,2024-09-22 23:59:59.999,314113730.48354000,885013,1090232.09700000,158137538.71170000,0
2024-09-23,144.64000000,149.07000000,142.13000000,144.79000000,3226373.77300000,2024-09-23 23:59:59.999,467054364.81911000,1211468,1598540.36300000,231508659.53893000,0
2024-09-24,144.79000000,154.00000000,143.09000000,152.73000000,4015502.93100000,2024-09-24 23:59:59.999,592206584.36052000,1369350,2040122.24800000,301146420.67117000,0
2024-09-25,152.74000000,153.93000000,147.28000000,147.98000000,2728253.34600000,2024-09-25 23:59:59.999,411459401.65579000,1011746,1279496.18600000,193068253.86161000,0
2024-09-26,147.97000000,158.05000000,146.57000000,155.55000000,4251220.76300000,2024-09-26 23:59:59.999,653415043.08504000,1235687,2135764.30500000,328183895.68754000,0
2024-09-27,155.54000000,161.43000000,153.89000000,157.64000000,3725660.99800000,2024-09-27 23:59:59.999,588310567.93940000,1260105,1935507.02500000,305737341.71110000,0
2024-09-28,157.63000000,159.43000000,155.00000000,156.75000000,1580834.34100000,2024-09-28 23:59:59.999,248277861.32032000,704766,772024.71800000,121279172.40944000,0
2024-09-29,156.75000000,161.78000000,155.09000000,158.46000000,2350658.47600000,2024-09-29 23:59:59.999,371044350.37015000,1021753,1216206.76100000,192036083.02901000,0
2024-09-30,158.47000000,159.77000000,151.73000000,152.49000000,3240682.20600000,2024-09-30 23:59:59.999,505193825.22015000,1706379,1548914.76100000,241513856.92209000,0
2024-10-01,152.51000000,157.34000000,142.29000000,145.13000000,4991241.41900000,2024-10-01 23:59:59.999,745512858.98242000,2123355,2320601.49200000,346606479.09385000,0
2024-10-02,145.12000000,148.96000000,138.61000000,140.18000000,3817606.11900000,2024-10-02 23:59:59.999,550570685.31102000,2440923,1891713.61300000,272948416.93148000,0
2024-10-03,140.18000000,142.96000000,133.11000000,136.82000000,3742347.84500000,2024-10-03 23:59:59.999,514812941.95153000,2544894,1896545.96400000,261033915.44812000,0
2024-10-04,136.81000000,144.55000000,135.95000000,143.24000000,3120151.95300000,2024-10-04 23:59:59.999,439091983.66735000,1282445,1658618.52200000,233395715.99779000,0
2024-10-05,143.24000000,144.93000000,141.06000000,142.59000000,1475217.81600000,2024-10-05 23:59:59.999,211080413.77507000,714484,724365.73700000,103688789.39981000,0
2024-10-06,142.59000000,146.75000000,142.00000000,146.48000000,1409071.40000000,2024-10-06 23:59:59.999,203954747.24911000,763554,712534.23300000,103158289.34271000,0
2024-10-07,146.47000000,152.40000000,143.50000000,143.96000000,3607754.95100000,2024-10-07 23:59:59.999,535056906.39550000,1768564,1708409.40000000,253495941.81261000,0
2024-10-08,143.97000000,145.60000000,141.17000000,143.49000000,2153828.15300000,2024-10-08 23:59:59.999,309326890.82457000,1304792,1054118.66100000,151478839.87931000,0
2024-10-09,143.50000000,145.34000000,138.66000000,139.33000000,2071518.06100000,2024-10-09 23:59:59.999,293977143.09486000,1265373,995996.97400000,141416184.88204000,0
2024-10-10,139.33000000,140.92000000,135.52000000,139.03000000,2289782.90700000,2024-10-10 23:59:59.999,316766669.27985000,1253504,1120811.69900000,155118449.18574000,0
2024-10-11,139.04000000,146.62000000,138.68000000,145.53000000,2269088.91800000,2024-10-11 23:59:59.999,325024798.54017000,1028243,1162229.43800000,166462830.76476000,0
2024-10-12,145.52000000,147.32000000,144.71000000,146.40000000,1347679.54800000,2024-10-12 23:59:59.999,197164215.71221000,587595,658168.57300000,96316133.82197000,0
2024-10-13,146.39000000,148.86000000,144.45000000,147.74000000,1599054.83300000,2024-10-13 23:59:59.999,234391884.38395000,827089,804325.38000000,117966402.94362000,0
2024-10-14,147.74000000,158.10000000,146.80000000,157.59000000,3987055.14500000,2024-10-14 23:59:59.999,612698964.45627000,1744075,2100064.66200000,322742334.57426000,0
2024-10-15,157.59000000,159.73000000,150.30000000,154.76000000,4480025.11100000,2024-10-15 23:59:59.999,692975854.02436000,2210459,2204035.09500000,341126355.91480000,0
2024-10-16,154.76000000,158.41000000,153.00000000,154.28000000,2851816.35000000,2024-10-16 23:59:59.999,442239613.53750000,1710126,1391657.72900000,215888704.76498000,0
2024-10-17,154.28000000,155.73000000,147.66000000,150.50000000,2664809.94800000,2024-10-17 23:59:59.999,404740607.93776000,1329012,1303117.08000000,197909054.66135000,0
2024-10-18,150.50000000,156.65000000,149.56000000,154.94000000,1829394.11800000,2024-10-18 23:59:59.999,281306391.09424000,1063679,943353.13400000,145077143.72601000,0
2024-10-19,154.93000000,159.85000000,153.45000000,159.79000000,1724504.16600000,2024-10-19 23:59:59.999,269205539.47737000,678270,886922.62400000,138501608.52301000,0
2024-10-20,159.79000000,167.94000000,157.58000000,167.40000000,3094698.82500000,2024-10-20 23:59:59.999,499091756.88122000,1326223,1622031.67600000,261873779.14963000,0
2024-10-21,167.40000000,171.76000000,160.99000000,166.17000000,4807758.74200000,2024-10-21 23:59:59.999,802248688.37832000,2074468,2411048.60400000,402494472.33500000,0
2024-10-22,166.16000000,170.99000000,162.99000000,167.59000000,4115685.50200000,2024-10-22 23:59:59.999,688160680.55922000,1526765,2110350.66200000,352957914.86517000,0
2024-10-23,167.60000000,174.30000000,164.13000000,170.85000000,4509792.29200000,2024-10-23 23:59:59.999,757152123.98221000,2198916,2295806.78900000,385823153.59896000,0
2024-10-24,170.86000000,179.30000000,170.50000000,177.19000000,3893052.12000000,2024-10-24 23:59:59.999,680676981.90358000,1905295,2088151.85400000,365234274.52438000,0
2024-10-25,177.19000000,177.60000000,159.12000000,164.90000000,5718307.06600000,2024-10-25 23:59:59.999,975203392.12616000,2802265,2655827.20900000,453382227.37534000,0
2024-10-26,164.91000000,173.25000000,162.43000000,170.88000000,3010702.79600000,2024-10-26 23:59:59.999,505678400.81293000,1497920,1642701.61900000,276044366.21096000,0
2024-10-27,170.87000000,178.27000000,170.26000000,176.63000000,2606131.77100000,2024-10-27 23:59:59.999,456430957.53051000,1472999,1361175.88800000,238376056.55902000,0
2024-10-28,176.63000000,179.80000000,172.45000000,178.29000000,3877330.22100000,2024-10-28 23:59:59.999,682720697.43000000,2015079,1912481.68800000,336903342.37208000,0
2024-10-29,178.28000000,183.38000000,176.41000000,179.42000000,4046109.93900000,2024-10-29 23:59:59.999,729686178.77882000,2186480,2112665.61000000,381174432.25332000,0
2024-10-30,179.43000000,181.36000000,173.01000000,174.87000000,2893112.75100000,2024-10-30 23:59:59.999,510367902.92025000,1693721,1334986.16900000,235674260.08567000,0
2024-10-31,174.87000000,176.56000000,167.56000000,168.69000000,2661529.29800000,2024-10-31 23:59:59.999,458128321.23974000,1555163,1237625.20400000,213029931.42414000,0
2024-11-01,168.69000000,174.00000000,163.43000000,166.10000000,3325662.44700000,2024-11-01 23:59:59.999,557854086.52407000,2057625,1640877.84000000,275304311.27734000,0
2024-11-02,166.11000000,168.61000000,162.11000000,166.17000000,1603273.60300000,2024-11-02 23:59:59.999,264909940.27946000,985042,756762.30500000,125181814.03891000,0
2024-11-03,166.16000000,166.61000000,157.82000000,162.53000000,2745309.82900000,2024-11-03 23:59:59.999,443630725.97122000,1259979,1290394.65000000,208509927.88514000,0
2024-11-04,162.52000000,165.04000000,155.11000000,157.95000000,3019251.32500000,2024-11-04 23:59:59.999,486901138.20844000,1767941,1384419.97200000,223155139.74783000,0
2024-11-05,157.95000000,169.30000000,156.86000000,166.62000000,3438156.87100000,2024-11-05 23:59:59.999,563101491.34140000,1606290,1769456.36400000,289945539.78902000,0
2024-11-06,166.63000000,190.01000000,166.40000000,186.59000000,10385235.99200000,2024-11-06 23:59:59.999,1909187913.25849000,3093254,5386859.67000000,990267376.12406000,0
2024-11-07,186.59000000,197.84000000,185.84000000,196.35000000,4210329.82000000,2024-11-07 23:59:59.999,805298768.52591000,2196009,2119936.26600000,405573003.77894000,0
2024-11-08,196.36000000,205.00000000,195.64000000,199.85000000,5129244.18800000,2024-11-08 23:59:59.999,1026696176.73963000,2638632,2660771.09300000,532771925.17719000,0
2024-11-09,199.86000000,203.45000000,194.86000000,199.89000000,2833304.99600000,2024-11-09 23:59:59.999,565544974.68205000,1495027,1380679.20600000,275722585.34756000,0
2024-11-10,199.89000000,215.27000000,198.68000000,210.07000000,7968628.23000000,2024-11-10 23:59:59.999,1650287820.01631000,3972272,4075874.41200000,844256110.34780000,0
2024-11-11,210.07000000,224.00000000,204.16000000,222.13000000,8935306.96800000,2024-11-11 23:59:59.999,1923338631.62358000,4568795,4678282.53200000,1006642368.10271000,0
2024-11-12,222.12000000,225.21000000,204.71000000,211.64000000,9001990.65900000,2024-11-12 23:59:59.999,1932232237.82400000,5190083,4263096.31900000,916191349.39010000,0
2024-11-13,211.63000000,220.44000000,200.67000000,215.13000000,10834052.79900000,2024-11-13 23:59:59.999,2287313943.88454000,6265437,5276571.13500000,1114450472.96843000,0
2024-11-14,215.14000000,222.80000000,206.78000000,209.57000000,7458523.70800000,2024-11-14 23:59:59.999,1606845662.13136000,4182236,3685568.60900000,794800343.72660000,0
2024-11-15,209.57000000,220.50000000,204.48000000,218.45000000,5271091.92400000,2024-11-15 23:59:59.999,1117551465.38711000,3372136,2845876.32600000,603910308.00012000,0
2024-11-16,218.44000000,221.99000000,213.35000000,215.71000000,4204469.30000000,2024-11-16 23:59:59.999,915510373.45120000,2296856,2212511.85700000,482053182.43167000,0
2024-11-17,215.72000000,242.33000000,212.10000000,237.47000000,8433424.20400000,2024-11-17 23:59:59.999,1960587171.68452000,3010544,4311883.06000000,1001610078.17961000,0
2024-11-18,237.47000000,248.44000000,234.01000000,239.79000000,7485850.36100000,2024-11-18 23:59:59.999,1804490953.93808000,3957941,3805345.91300000,917583287.88273000,0
2024-11-19,239.79000000,247.50000000,233.40000000,237.63000000,5595613.40200000,2024-11-19 23:59:59.999,1350659078.09119000,3110191,2789660.37900000,673737851.39489000,0
2024-11-20,237.64000000,242.54000000,230.37000000,235.48000000,5472203.47600000,2024-11-20 23:59:59.999,1289751835.31258000,2032597,2696256.43300000,635454374.29801000,0
2024-11-21,235.48000000,259.80000000,229.60000000,256.37000000,8595939.99400000,2024-11-21 23:59:59.999,2120001679.01770000,4031098,4559686.62500000,1124569870.18576000,0
2024-11-22,256.38000000,264.39000000,251.47000000,256.90000000,5155181.90500000,2024-11-22 23:59:59.999,1326798359.45141000,2948004,2554624.34700000,657887721.25047000,0
2024-11-23,256.90000000,264.00000000,252.69000000,254.89000000,4836783.22700000,2024-11-23 23:59:59.999,1248450578.22800000,2659103,2377510.19700000,613949947.45632000,0
2024-11-24,254.90000000,259.78000000,240.93000000,252.73000000,3665245.81200000,2024-11-24 23:59:59.999,918826601.65279000,2627402,1760701.59100000,441700188.21714000,0
2024-11-25,252.74000000,256.70000000,231.21000000,234.18000000,4699636.31700000,2024-11-25 23:59:59.999,1149248739.70010000,2322351,2311173.25900000,565768409.86016000,0
2024-11-26,234.18000000,239.66000000,221.80000000,230.69000000,5012621.45600000,2024-11-26 23:59:59.999,1157330881.01868000,2836351,2432089.15900000,561972419.62394000,0
2024-11-27,230.69000000,243.33000000,227.51000000,241.96000000,3807284.29700000,2024-11-27 23:59:59.999,898274398.45495000,2039178,1999353.20600000,471526006.52351000,0
2024-11-28,241.96000000,245.28000000,232.80000000,237.59000000,2694033.06000000,2024-11-28 23:59:59.999,640996914.88985000,1578431,1297609.98500000,308764643.74031000,0
2024-11-29,237.58000000,246.77000000,236.55000000,243.33000000,2890806.07900000,2024-11-29 23:59:59.999,699720103.91490000,1929299,1446268.51700000,350171613.67366000,0
2024-11-30,243.33000000,245.40000000,237.50000000,237.60000000,2279256.81600000,2024-11-30 23:59:59.999,550410857.76520000,1597288,1121398.04200000,270905744.64534000,0
2024-12-01,237.60000000,239.89000000,234.10000000,236.80000000,2435872.95400000,2024-12-01 23:59:59.999,577329157.83331000,1318224,1192847.40700000,282771078.86776000,0
2024-12-02,236.79000000,238.20000000,220.00000000,225.72000000,5868060.27500000,2024-12-02 23:59:59.999,1332640777.80382000,3614201,2891680.88900000,656457715.24274000,0
2024-12-03,225.73000000,239.60000000,215.00000000,233.92000000,6918604.72800000,2024-12-03 23:59:59.999,1569314471.01514000,3078327,3583842.18500000,813327303.36694000,0
2024-12-04,233.92000000,241.00000000,224.67000000,229.15000000,4966864.20500000,2024-12-04 23:59:59.999,1160635660.55354000,2318217,2433474.37400000,568808253.89458000,0
2024-12-05,229.15000000,244.77000000,222.95000000,235.84000000,7391549.99300000,2024-12-05 23:59:59.999,1743320226.07373000,4216711,3702869.41400000,874293753.00681000,0
2024-12-06,235.84000000,247.00000000,230.92000000,236.87000000,5136553.82700000,2024-12-06 23:59:59.999,1225759651.15259000,2524507,2594661.98900000,619366602.87957000,0
2024-12-07,236.87000000,243.61000000,234.12000000,238.14000000,2933621.43800000,2024-12-07 23:59:59.999,701579666.62957000,1606160,1555007.37300000,372037931.86283000,0
2024-12-08,238.14000000,241.51000000,233.22000000,237.02000000,2222837.55100000,2024-12-08 23:59:59.999,526456056.82991000,1517123,1051549.53500000,249206171.07123000,0
2024-12-09,237.02000000,237.28000000,203.00000000,216.63000000,7391583.70800000,2024-12-09 23:59:59.999,1645628210.24901000,3396912,3506521.81700000,781936679.06925000,0
2024-12-10,216.62000000,221.06000000,203.21000000,213.60000000,7018707.73000000,2024-12-10 23:59:59.999,1494401948.21546000,3598912,3534131.19300000,752873811.48697000,0
2024-12-11,213.60000000,230.65000000,211.51000000,227.29000000,4688484.80800000,2024-12-11 23:59:59.999,1044765862.39521000,2618186,2446783.07000000,544704920.03867000,0
2024-12-12,227.29000000,234.69000000,225.67000000,226.96000000,3559104.06700000,2024-12-12 23:59:59.999,818643376.99027000,2608984,1735720.23400000,399322172.23014000,0
2024-12-13,226.95000000,228.44000000,220.60000000,224.79000000,2889526.77100000,2024-12-13 23:59:59.999,648285519.70338000,2190401,1434112.62600000,321880596.26241000,0
2024-12-14,224.79000000,227.51000000,215.13000000,219.93000000,2155654.47100000,2024-12-14 23:59:59.999,478317134.38287000,1665180,1064988.43800000,236468734.42381000,0
2024-12-15,219.94000000,225.50000000,215.68000000,224.27000000,2130908.00900000,2024-12-15 23:59:59.999,469130131.65022000,1736084,1153744.01300000,254038615.43485000,0
2024-12-16,224.26000000,227.56000000,213.26000000,216.19000000,3863409.20100000,2024-12-16 23:59:59.999,847551475.44925000,2819674,1935265.70100000,424478385.82208000,0
2024-12-17,216.19000000,228.95000000,211.36000000,223.15000000,5177736.74800000,2024-12-17 23:59:59.999,1148991395.56908000,3540116,2570356.31300000,570952793.92770000,0
2024-12-18,223.16000000,226.04000000,204.80000000,206.53000000,5565926.56300000,2024-12-18 23:59:59.999,1191309782.42507000,3308807,2602999.84700000,557611489.91570000,0
2024-12-19,206.53000000,212.14000000,187.00000000,193.81000000,7402649.88600000,2024-12-19 23:59:59.999,1481798971.45023000,2909503,3442409.27500000,688753662.03428000,0
2024-12-20,193.82000000,199.81000000,175.26000000,194.48000000,9793383.66800000,2024-12-20 23:59:59.999,1829760754.59580000,2947219,4943658.21000000,924182860.09837000,0
2024-12-21,194.48000000,201.98000000,178.30000000,181.45000000,5243572.61700000,2024-12-21 23:59:59.999,988401321.05068000,1709667,2452587.76000000,462986002.29171000,0
2024-12-22,181.46000000,187.87000000,176.88000000,180.52000000,3573368.97200000,2024-12-22 23:59:59.999,650666980.95565000,1394689,1740362.64500000,317003602.73975000,0
2024-12-23,180.53000000,193.48000000,176.48000000,190.11000000,4217664.03000000,2024-12-23 23:59:59.999,778371475.46434000,1557287,2208170.08600000,407840136.01235000,0
2024-12-24,190.12000000,199.00000000,186.13000000,197.09000000,2709577.67200000,2024-12-24 23:59:59.999,525181703.24730000,1127114,1379796.38000000,267596220.13043000,0
2024-12-25,197.09000000,201.85000000,195.00000000,197.44000000,1958644.48700000,2024-12-25 23:59:59.999,388541679.68554000,1035650,997909.90000000,198045835.98398000,0
2024-12-26,197.45000000,199.71000000,186.54000000,188.46000000,2045566.10000000,2024-12-26 23:59:59.999,392011204.61471000,1279313,990226.89600000,189788196.51668000,0
2024-12-27,188.46000000,194.39000000,182.74000000,184.22000000,1946509.64500000,2024-12-27 23:59:59.999,366402095.63853000,1296546,991253.94700000,186568922.84013000,0
2024-12-28,184.22000000,196.10000000,183.82000000,195.50000000,1494847.86700000,2024-12-28 23:59:59.999,283725173.66562000,840578,782994.95400000,148676850.02220000,0
2024-12-29,195.50000000,197.71000000,188.57000000,189.94000000,1560190.01900000,2024-12-29 23:59:59.999,302551036.41535000,861977,762049.05100000,147913892.68932000,0
2024-12-30,189.94000000,196.47000000,185.89000000,191.38000000,2415985.48800000,2024-12-30 23:59:59.999,462392599.37737000,1417191,1219312.68900000,233426206.42575000,0
2024-12-31,191.37000000,199.27000000,188.04000000,189.31000000,2461978.26200000,2024-12-31 23:59:59.999,476451076.66598000,1249847,1259409.03500000,243744394.61628000,0
