timeOpen,open,high,low,close,volume,marketCap
2024-01-01,165.0230387916,169.6063432205,163.5645724419,169.6058418136,70363490.66,3117152476.1
2024-01-02,169.6326980792,174.1915135815,167.5336814827,167.7867565524,127652129.71,3083797281.17
2024-01-03,167.7807580693,169.5420604179,154.3982612985,154.5763591675,139776300.8,2841062117.52
2024-01-04,154.5899912066,164.7282141897,151.1721720181,164.6814470698,156700149.71,3026861020.56
2024-01-05,164.6835617882,164.7928008344,154.7163843809,155.9042621766,142505652.12,2865603230.9
2024-01-06,155.9088733607,158.6244397973,150.8923700809,152.7184855627,115566927.05,2807112387.1
2024-01-07,152.7250321082,155.1664361759,145.5585839067,146.1233755961,75045189.22,2685954478.38
2024-01-08,146.1257389527,154.004757656,144.0313012337,148.182422601,132272183.62,2723865980.06
2024-01-09,148.1700228339,148.6297374272,142.9147944384,144.3243283042,105887539.94,2653008059.65
2024-01-10,144.3162362129,151.4274464369,143.7843294955,149.0223492111,113385741.13,2739434669.69
2024-01-11,149.068408699,154.6194467254,148.4792756576,152.8424840945,140890853.35,2809726047.21
2024-01-12,152.7501553754,161.8675047673,149.5617911996,151.7983347397,130227725.78,2790595687.37
2024-01-13,151.8014708772,156.4070951421,148.6433591523,155.547774135,89285150.54,2859589294.37
2024-01-14,155.5615833266,159.7424603897,153.1590846433,154.163713619,80484736.81,2834213923.25
2024-01-15,154.1146752041,158.6401170838,153.2977021469,156.8242867383,109454534.54,2883188801.82
2024-01-16,156.8749950839,159.9698149049,153.9172308174,157.4215688848,95139309.21,2894240292.34
2024-01-17,157.3801232574,160.3190779352,155.7222336213,157.6599957026,102683719.31,2898693931.04
2024-01-18,157.6421971934,163.7743239273,151.8144391842,153.0072032568,105190465.92,2813214497.85
2024-01-19,153.028727164,158.7181299819,150.1511897613,158.1585999406,89888194.16,2907997116.8
2024-01-20,158.1668086255,159.4224216305,155.8780381091,156.57269425,78692419.38,2878902541.78
2024-01-21,156.5728128505,163.2023816082,155.183739277,157.4999544141,96097955.84,2896023045.93
2024-01-22,157.5483268021,159.8736473135,149.7320307079,150.665840944,104392987.18,2770425647.51
2024-01-23,150.665840944,154.7393586474,146.603334688,150.2531797038,73484593.76,2762902139.5
2024-01-24,150.2592422873,155.5309030224,148.8986620029,152.5408558605,68408925.58,2805034902.45
2024-01-25,152.5450958437,157.7037559376,151.9954627647,157.4425211684,67740825.96,2895239524.34
2024-01-26,157.425812951,162.2163372123,156.0321762316,159.441229171,78724937.0,2932061385.69
2024-01-27,159.4031671217,161.9222364088,157.5444163571,160.4329738211,48847332.13,2950368967.24
2024-01-28,160.4188351724,162.2913101285,158.9387946363,160.7569938792,55953171.7,2956396288.04
2024-01-29,160.7564656459,169.6618919644,159.9117091991,168.0768624881,81614007.52,3091085509.56
2024-01-30,168.0768624881,171.8936478602,159.9185615275,160.2922119747,89822869.77,2947986547.02
2024-01-31,160.2598681648,166.7060342941,158.4705765017,163.8624797077,93429076.76,3013717823.27
2024-02-01,163.8565283603,169.1148821718,163.7601749958,166.4839406105,89982884.64,3062004197.31
2024-02-02,166.4317514782,171.055964489,165.5562799651,168.6539021592,78864555.61,3101987298.6
2024-02-03,168.7013542657,169.6786367903,162.4820392796,165.3008369598,61447555.63,3040387348.07
2024-02-04,165.2953021116,167.7604893349,164.9827094368,165.7895955262,50184533.1,3049448035.76
2024-02-05,165.794280147,167.8826728305,163.5274870158,165.3558538119,62301595.05,3041545413.68
2024-02-06,165.2949792025,166.5355178953,101.13884916,104.9775183263,294363739.62,1930992598.87
2024-02-07,105.0004441907,133.9156150812,104.1420296119,129.9530536805,248072044.25,2390459590.76
2024-02-08,129.9343457717,131.4575459548,118.2277280515,127.9129124629,123335948.17,2352985644.25
2024-02-09,128.2011088394,129.0678772363,120.0311597483,121.9153402897,106467374.55,2242711017.86
2024-02-10,121.8850045503,123.2961189898,115.560546003,119.2058647702,76698210.85,2192921044.47
2024-02-11,119.2081762749,122.9576745012,117.2791214744,120.6101990524,80624207.72,2218806675.09
2024-02-12,120.6461821568,128.2842731201,118.1917629953,126.2228377753,94789689.54,2322113786.29
2024-02-13,126.3014655369,128.7344196193,122.3719071083,127.8083748804,101751450.36,2351338871.35
2024-02-14,127.8443412173,131.7208377474,126.6112712713,127.8994836211,85826714.06,2353069901.47
2024-02-15,127.9003086884,129.1033420979,124.7743011902,125.8384461825,76833544.84,2315206828.78
2024-02-16,125.8261352521,128.9036357845,120.4410839331,122.7527725599,68839222.45,2258487545.37
2024-02-17,122.7620927327,122.7620927327,118.6387653322,120.8109935273,49581821.52,2222814094.52
2024-02-18,120.9427820344,123.1714299012,118.8880451964,122.1873860084,56685674.67,2248189800.8
2024-02-19,122.1759279271,123.0067647104,109.6147721608,112.9137668014,88708661.78,2077607989.08
2024-02-20,112.9267326492,125.2234900637,112.2681760378,123.8316409863,61973008.48,2278550522.76
2024-02-21,123.8845878055,125.535940272,116.7547744925,123.0486479975,50491155.84,2264195638.19
2024-02-22,123.1148602088,124.8173682973,121.260739954,124.0431601682,102663822.57,2282548390.09
2024-02-23,124.0361712488,124.587737517,120.8999061039,123.8436258728,93773417.73,2278931102.53
2024-02-24,123.7867904104,125.1417414448,122.0951990764,123.8792395235,92062851.52,2279640563.84
2024-02-25,123.8941044195,129.3518997088,123.0560160591,129.1743074557,597868067.77,2377135521.56
2024-02-26,129.1749116691,129.8892829581,128.4222758723,129.6132781362,53208622.92,2385267279.37
2024-02-27,129.6001943878,130.3502901214,129.5967114676,130.0611962087,72506716.68,2393567729.41
2024-02-28,130.0730053536,139.9464887349,130.0092818665,133.8922826872,65006892.74,2464128805.47
2024-02-29,133.8225080068,141.0065113077,133.2176507711,137.1735663692,66793523.62,2524574966.72
2024-03-01,137.1350898789,145.0318378084,136.4213076441,142.9851226819,67209798.63,2631598459.96
2024-03-02,142.8794193412,145.1745310042,140.1448402413,144.6387424292,56078731.55,2662096449.36
2024-03-03,144.9819458249,151.7434218862,143.7889560042,150.0830351834,65555313.79,2762361018.4
2024-03-04,150.5555130701,151.1174648013,143.5920167456,150.0133050376,74473322.72,2761140419.45
2024-03-05,150.0721413144,151.0046410824,134.5104620376,141.446209755,85810398.79,2603722524.5
2024-03-06,141.4574950989,151.534886417,138.6387456984,143.9291681652,87199566.18,2649281620.67
2024-03-07,143.9291681652,148.7487186207,138.2749067155,144.2815304911,75104194.89,2655829312.86
2024-03-08,144.2814273604,150.9989506459,143.2156673646,147.3660919002,63772090.8,2712670529.87
2024-03-09,147.3660919002,148.9465391951,143.7482906865,143.8351640112,49472433.59,2647748985.84
2024-03-10,143.8356784466,148.563638352,142.3996109896,146.6083106476,52976237.71,2698783951.39
2024-03-11,146.6046205805,146.8327593865,142.6209740948,145.2053053642,74690584.55,2673086118.3
2024-03-12,145.2053053642,147.250682981,142.8503918823,145.1142274539,70751333.38,2671472839.58
2024-03-13,145.1142274539,150.5049212177,144.4173564096,150.2209282878,67768460.51,2765563167.9
2024-03-14,150.2216683978,151.0561786032,140.719476751,146.6106720571,69695576.8,2699144790.79
2024-03-15,146.6106720571,147.4632870797,138.7748458906,142.0350777092,68320296.86,2614967707.57
2024-03-16,142.0350777092,148.7202466009,135.0897231709,139.5149730577,52162540.94,2568630120.25
2024-03-17,139.5149730577,145.2158085932,136.6092487471,140.9946312964,52806847.45,2595936864.89
2024-03-18,140.9946312964,141.6734161709,136.6318528024,141.0384789812,50287932.33,2596803404.74
2024-03-19,141.0384789812,141.3501515188,128.6129791848,133.9916879534,55669000.9,2467115785.12
2024-03-20,133.9916879534,142.718758043,129.3133508485,139.6107732984,59442114.03,2570635988.11
2024-03-21,139.6107732984,144.3041484507,137.7212460493,138.2104251814,58439915.56,2544910426.08
2024-03-22,138.2104251814,140.7510123308,131.274758326,134.7832460289,45802436.78,2481866520.91
2024-03-23,134.7832460289,139.9278239887,133.6042252538,138.9109328775,42375980.14,2557930768.59
2024-03-24,138.9109328775,143.7297912318,138.8507512106,141.8866030051,46383806.73,2612786498.73
2024-03-25,141.8866030051,143.4201773582,139.9115514972,142.5869091888,46518086.22,2625742590.35
2024-03-26,142.5869091888,143.6093310755,133.4520450707,135.327351653,73114758.04,2492117521.82
2024-03-27,135.327351653,141.3416934411,134.212272513,137.9178509252,68147773.34,2539883368.26
2024-03-28,137.9178509252,139.8999383133,134.9119398971,135.0642089533,50342352.63,2487388964.01
2024-03-29,135.0642089533,137.1710193386,129.6564666175,132.5134818468,49952151.21,2440471061.45
2024-03-30,132.5134818468,133.5485115417,126.79547861,129.1215143337,58881074.25,2378055025.64
2024-03-31,129.1215143337,129.8747234351,127.4748801667,128.2857729711,41670191.41,2362718901.5
2024-04-01,128.2858652758,129.3883603419,120.038305636,123.135440112,57048077.24,2267916097.0
2024-04-02,123.135440112,123.600562042,117.0282980737,122.1458718396,58963398.02,2249740724.75
2024-04-03,122.1458718396,129.6856810327,120.2584207956,128.8217021728,60635246.98,2372759164.33
2024-04-04,128.8217021728,132.0582273718,127.559982105,131.6489388825,62135241.19,2424887024.86
2024-04-05,131.6489388825,132.2454308785,125.2204699905,126.760046409,46037390.7,2334891898.48
2024-04-06,126.760046409,132.6934341431,126.7037912325,131.8621908571,35975653.46,2428928675.94
2024-04-07,131.8621908571,135.3009617823,128.5617047648,131.3164814241,43005732.12,2418933008.87
2024-04-08,131.3164814241,136.7606688533,130.2757326664,136.7606688533,56297846.35,2519277396.85
2024-04-09,136.7606688533,139.7999033301,130.1488563724,133.521003681,56606306.89,2459659389.78
2024-04-10,133.521003681,136.7256187576,130.3491968095,133.5820226861,45282438.99,2459943301.6
2024-04-11,133.533471845,135.8094557772,132.0075526429,133.3691611667,42712493.65,2456976077.78
2024-04-12,133.3691611667,134.9539540393,117.2287990098,122.9966522344,53508223.19,2265935333.5
2024-04-13,122.9966522344,128.9997514214,105.4260222461,115.6783288988,49104520.04,2131157294.6
2024-04-14,115.6783288988,123.2542286534,113.1126075383,121.5335328689,51839602.42,2239094927.19
2024-04-15,121.5335328689,127.288728598,117.5484681385,123.2884589071,54461577.78,2271476295.9
2024-04-16,123.2884589071,123.9658640198,114.2843628919,121.8382584385,51834943.77,2244807998.81
2024-04-17,121.8379749235,125.1657487534,116.1861456972,117.1475350967,56017108.89,2158440629.14
2024-04-18,117.1475350967,119.1772312619,112.9075407947,116.4286313023,48262836.64,2145241995.74
2024-04-19,116.4286313023,121.6716269487,110.7734256708,117.048598378,54754141.68,2156655984.43
2024-04-20,117.045354246,122.1750303226,116.5998659763,122.1669212645,34816416.79,2251079928.8
2024-04-21,122.1669212645,125.0856875727,115.9538087638,118.648107452,42316808.8,2186166445.68
2024-04-22,118.6412925935,124.0009578974,118.6247905374,121.1231993417,49875940.66,2231952593.74
2024-04-23,121.1231993417,124.0635275393,120.1482665772,121.452350735,43333346.26,2238069205.24
2024-04-24,121.452350735,122.2157286641,118.2095622031,118.838678959,37672746.69,2189983382.73
2024-04-25,118.8401351103,121.7177471491,116.9643320872,119.9861502052,40036016.89,2211154461.09
2024-04-26,119.9861502052,122.4447689148,119.1379906909,120.3429219589,41040018.9,2217782125.13
2024-04-27,120.3429219589,123.0764670756,118.0512066103,122.7738997435,44429704.39,2262636181.53
2024-04-28,122.7738997435,129.9467071695,121.4773745444,126.5915794031,51842710.55,2333047093.82
2024-04-29,126.5915794031,129.5705844587,122.1185272968,128.8475193508,56912754.87,2374052321.6
2024-04-30,128.8134905843,131.4962975157,117.5950100341,119.3724811282,54513578.9,2200103136.49
2024-05-01,119.3724811282,123.5464285973,116.1631808235,123.5464285973,44685649.79,2277085786.41
2024-05-02,123.5464285973,125.8820088488,120.0439695367,123.1677760346,47242005.46,2270160011.65
2024-05-03,123.1677760346,126.4616996802,121.9055606509,124.9827842534,52444309.55,2303668426.75
2024-05-04,124.9827842534,129.5339690619,122.4467277453,123.3322619674,59402585.05,2273301169.69
2024-05-05,123.332101702,134.4983668166,123.1142563291,134.4184649283,68420933.34,2477693604.37
2024-05-06,134.4181738217,134.5620869233,129.1081991852,130.5115389567,48230918.68,2405742632.09
2024-05-07,130.5115389567,133.3108623711,126.2197106447,127.5738851688,44043411.16,2351646294.63
2024-05-08,127.5738851688,131.8918502991,127.0600919313,131.7309200583,36862265.92,2428322766.86
2024-05-09,131.7309200583,135.1270822201,128.5758845787,132.4220689488,49214167.95,2441130320.01
2024-05-10,132.4220689488,134.1036819737,130.8187381349,132.6914728188,42460829.71,2446152446.31
2024-05-11,132.6914728188,133.4211242719,129.1881400061,131.7875624121,30445589.81,2429546760.68
2024-05-12,131.8149144392,134.7428723487,131.7695202729,133.1869026749,30709358.25,2455405347.56
2024-05-13,133.1869026749,136.9262322797,130.863591405,135.5844855798,44746286.73,2499663861.54
2024-05-14,135.5833292878,135.9722995262,131.8633294518,131.9335069477,40866033.4,2432410888.13
2024-05-15,131.9335069477,136.23453643,130.6917357685,134.7418858975,40987749.88,2484592845.01
2024-05-16,134.7606364959,135.5089214729,130.1848804797,133.9037673036,40503145.65,2468850270.24
2024-05-17,133.9037673036,135.6089059499,132.6468013127,134.9835610621,39209850.71,2488818489.23
2024-05-18,134.9835610621,137.7048109237,134.5632857071,136.1658160142,33617278.59,2510686768.35
2024-05-19,136.166414349,136.2904359152,134.2991704926,134.494663773,29256949.96,2479921562.33
2024-05-20,134.494663773,136.9164731387,134.1071885031,135.0552837041,44083055.11,2490192346.2
2024-05-21,135.0484406929,142.127657962,134.3888077097,136.268032817,74712800.19,2512740232.6
2024-05-22,136.268032817,139.6505997635,135.4797800736,138.5079459706,54151614.94,2554101456.49
2024-05-23,138.5079459706,141.5455469325,137.123595707,138.6449855794,56233008.36,2556689702.1
2024-05-24,138.6449855794,143.9115433282,138.2765626765,141.0109886719,57938053.58,2600407925.96
2024-05-25,141.0125627352,142.4070581909,140.4608791777,141.2981140731,31898845.02,2605737267.67
2024-05-26,141.2981140731,143.7331137413,140.5116131134,142.3371029394,40868073.15,2624959607.73
2024-05-27,142.3371029394,144.1515974343,140.953890783,141.4623367455,48486592.29,2608887731.64
2024-05-28,141.4623367455,144.4872630886,140.9150760613,141.375358888,54907087.17,2607348213.02
2024-05-29,141.375358888,143.520812563,137.4188321541,139.9436376774,44699986.61,2581043878.32
2024-05-30,139.9457964315,147.0178910489,139.8899801474,146.1697111003,66601285.65,2695878269.66
2024-05-31,146.1697111003,148.8739567198,143.7434443403,148.392696174,56663271.7,2736943647.24
2024-06-01,148.3927446288,150.8485984326,147.213439826,148.7840318248,43513085.92,2744225415.58
2024-06-02,148.7840318248,152.7519538634,148.7724625052,152.6875522722,48318664.22,2816291579.94
2024-06-03,152.6875522722,158.1108835518,151.5763134056,154.9576276752,71410729.72,2858227844.03
2024-06-04,154.9576276752,160.0224994733,154.7001164102,159.9528210307,55202906.77,2950437270.7
2024-06-05,159.9528210307,165.2701845742,159.1529357048,163.1555901649,64706612.14,3009588113.87
2024-06-06,163.1561932625,166.3112662832,162.5375553526,165.257811169,59505497.39,3048433365.4
2024-06-07,165.2578533969,174.5027515303,153.6965409548,154.1519106715,79386290.89,2843600844.64
2024-06-08,154.1433475658,169.4641262884,154.1433475658,169.4641262884,61300402.51,3126061367.32
2024-06-09,169.3976478346,175.2850451826,166.690945093,173.8992497151,103877890.16,3207874954.11
2024-06-10,173.9937653175,181.346154116,173.9937653175,178.4668572769,132931888.66,3292132441.83
2024-06-11,178.4719092131,180.6010830275,167.9098150346,174.5311684965,111783250.93,3219531798.15
2024-06-12,174.5970141345,182.2544122343,174.2175886456,180.7666213033,92485908.83,3334555600.26
2024-06-13,180.7594620359,181.2927756815,171.6548544837,171.8882064723,88826328.38,3170777754.09
2024-06-14,171.8723756089,176.6988568658,164.2137820463,170.5733009079,73790923.08,3146522027.66
2024-06-15,170.5885346049,177.9253269318,169.297394765,177.4614431721,51691415.31,3273585825.15
2024-06-16,177.4126978723,177.9601076562,172.5376326519,177.2930162422,44876100.54,3270478896.68
2024-06-17,177.2468575841,178.0352041307,171.1654281239,174.1861273754,63544952.5,3213166912.89
2024-06-18,174.1500127414,174.4120355082,166.7151228311,169.7933469685,60384645.24,3132134416.95
2024-06-19,169.7782846307,172.0700420441,166.8924005581,168.2119627595,52142381.01,3102963027.17
2024-06-20,168.2119627595,172.186172673,167.3541839262,169.8716684337,44296920.51,3133579192.98
2024-06-21,169.8696520578,172.8188694919,158.2298006718,160.2049267706,53535041.81,2955259283.49
2024-06-22,160.1764709934,167.7421748803,160.1764709934,166.7605657571,29184679.59,3076189478.11
2024-06-23,166.7189335525,168.0740009147,161.5054216835,164.1797753464,28401217.59,3028582297.9
2024-06-24,164.2180387504,167.2282511068,155.9952432424,159.0218058785,62594009.31,2933434555.18
2024-06-25,159.0170574764,164.7002999912,158.679643219,162.6586504415,43432461.95,3000522496.07
2024-06-26,162.2632449547,166.1926675711,161.7748765757,164.5318029293,38362980.34,3035076060.63
2024-06-27,164.5356663061,167.0602940078,164.0009790412,165.7901018761,35329669.05,3058287579.27
2024-06-28,165.7943724641,168.3518075306,165.6971175063,167.6156002216,44958989.03,3091962080.05
2024-06-29,167.6066462683,167.9651690597,164.9466171749,165.0914449023,38664696.48,3045399632.88
2024-06-30,165.126362452,169.4895559894,165.0947863302,167.9201276675,39066088.71,3097579619.91
2024-07-01,167.9460660798,173.1997947445,167.2994323679,168.2643047915,59968115.8,3103928567.23
2024-07-02,167.9448703399,170.4072704274,167.3545077779,168.4631370303,41204754.44,3107596374.66
2024-07-03,168.5020580366,170.5011167585,165.00765498,165.6074620353,51270736.08,3054918468.87
2024-07-04,165.5547916624,166.0784081953,155.1639754637,155.9528097599,57520902.29,2876821569.22
2024-07-05,155.8399642143,156.2938922578,134.0365231225,155.1933188053,64857373.58,2862811433.96
2024-07-06,155.1905316316,159.0389830335,153.5465497725,158.4129212336,42582448.94,2922202615.97
2024-07-07,158.4385762921,159.6597379179,149.1081186099,149.1081186099,41193012.07,2750559303.31
2024-07-08,148.8394025534,155.1440748853,144.5547812164,154.3855387555,72159380.69,2847910522.11
2024-07-09,154.3878816848,155.5761834654,152.4648249428,155.2755490826,83993882.73,2864328314.84
2024-07-10,155.2693889254,158.7175191789,152.7565189598,155.858752868,64253306.02,2875086525.81
2024-07-11,155.8758762923,159.6496657781,155.3434958847,158.6121979775,71301203.25,2925878623.06
2024-07-12,158.5972781637,160.0509884856,157.3390256638,159.6100968072,69908852.75,2944286607.39
2024-07-13,159.6248006787,162.5828147111,156.7455844776,157.2982740085,57458951.57,2901641003.88
2024-07-14,157.3226986313,160.1496398023,155.23870376,159.6997535047,59147226.47,2945940481.54
2024-07-15,159.75859003,161.7591358671,157.4852173632,158.51119823,76862161.92,2924015506.57
2024-07-16,158.7214680706,163.6931067282,157.4301871574,161.9077848343,92340697.31,2986671470.38
2024-07-17,161.8952763798,164.1903782597,159.3111561708,160.3862185472,80448168.39,2958603526.5
2024-07-18,160.3896355954,161.6947213955,160.0868481508,160.9556416972,68302080.48,2969107529.61
2024-07-19,160.9537399653,163.1689112134,158.3244273971,161.3061604012,73190231.95,2975540678.7
2024-07-20,161.3043834079,164.6941234074,161.2638994035,163.4208248039,77999919.39,3014582131.48
2024-07-21,163.4208248039,165.0449530922,162.1113944611,164.6875736796,92040301.02,3037949523.79
2024-07-22,164.6977470397,165.3464504378,160.2038429381,161.1691609111,149125712.41,2973046263.91
2024-07-23,161.1691609111,161.9291487478,157.7222461749,160.9258288459,80114488.56,2968654170.21
2024-07-24,160.9310650347,164.0912493596,159.5588132283,160.2386783407,85225147.52,2955881890.07
2024-07-25,160.2386783407,162.887219858,152.1588694516,162.8537530906,103268033.93,3004121504.71
2024-07-26,162.8537530906,175.3831664622,161.2076532638,161.6148213274,134824425.27,2981267247.55
2024-07-27,161.6148213274,165.5909771647,161.0179550593,162.5194675645,77803378.51,2997955025.16
2024-07-28,162.5194675645,165.0440390896,160.0079450635,164.434657216,78118337.96,3033277241.52
2024-07-29,164.4342887502,165.6873843048,161.0837970868,161.2726218286,68243468.09,2974954780.97
2024-07-30,161.2726218286,164.776468766,156.4799164806,157.9242358752,96572346.47,2913187962.23
2024-07-31,157.9242358752,160.9737153229,155.8086097253,157.6691920413,86302617.58,2908483233.9
2024-08-01,157.6691920413,158.5115396489,150.0177840707,156.5363889688,96603866.33,2887586705.54
2024-08-02,156.5363889688,164.7029582107,155.4792552726,158.0561455361,133282009.19,2915621265.99
2024-08-03,158.0561455361,161.3210719024,141.5124792852,149.4498569925,113059564.72,2756863263.8
2024-08-04,149.4498569925,153.9109154228,145.1758566207,150.4639711319,106406823.98,2775570367.79
2024-08-05,150.4639711319,154.2905062267,136.7562955611,145.7314892126,146471016.62,2688271484.99
2024-08-06,145.7138801252,151.7163242983,145.6997899578,147.7923040035,83333666.12,2726286808.02
2024-08-07,147.7923040035,153.0167143564,143.8744223047,145.9297283202,79424234.27,2691928351.07
2024-08-08,145.9297283202,159.2133816539,145.6277254123,158.2273222064,69580360.08,2918778918.21
2024-08-09,158.2273222064,159.1536564559,152.418999087,153.0803933975,64102911.9,2823834839.71
2024-08-10,153.0803933975,153.1822451594,147.8485533394,150.501263532,43546728.01,2776264882.36
2024-08-11,150.501620842,151.6924494404,148.4666337849,149.0154320369,42144309.32,2748849537.82
2024-08-12,149.0154320369,150.8085698703,147.796284779,150.5789880911,53895274.09,2777692056.2
2024-08-13,150.5789880911,151.1338802728,147.3554005617,147.6166609509,44281797.07,2723046765.58
2024-08-14,147.6166609509,152.2322770112,147.5167031041,151.3621433641,48560692.11,2792138721.09
2024-08-15,151.3621433641,153.5124029626,148.0902303357,149.397856607,48564756.99,2755904026.0
2024-08-16,149.397856607,150.4129476564,148.1589479072,148.7784801722,39562461.7,2744478547.42
2024-08-17,148.7784801722,150.176058938,148.4922056102,150.176058938,31014677.73,2770259325.23
2024-08-18,150.176058938,152.0535068636,149.7141719057,151.2339127788,46484699.56,2789773284.3
2024-08-19,151.2339127788,157.0781853824,150.013314944,155.1355067311,81081587.89,2861744989.42
2024-08-20,155.15783541,161.2280071229,154.1322267579,159.4385517868,81807355.53,2941122160.3
2024-08-21,159.4385517868,162.3819335272,156.9631106522,161.6341790704,58721521.72,2981624334.88
2024-08-22,161.6341790704,169.7575622426,159.9828359092,168.6812097511,74241010.05,3111619106.33
2024-08-23,168.6812097511,173.3259425905,163.1073448898,173.2274421762,82501277.88,3195482292.37
2024-08-24,173.2274421762,176.3903429146,167.7325698512,169.7522875961,78807368.49,3131377005.22
2024-08-25,169.7522875961,171.6766667262,165.9328979012,166.5348793066,62316687.37,3072026297.92
2024-08-26,166.5348793066,168.0017917418,162.7097951766,166.8399281882,64603366.12,3077653456.57
2024-08-27,166.8399281882,168.0980329278,155.4439325295,155.5695581224,74392008.86,2869751824.35
2024-08-28,155.5695581224,160.1716533805,153.5604453,157.9708484193,62709369.94,2914047811.9
2024-08-29,157.9708484193,166.3863367883,155.9154614713,161.8671681624,63433189.42,2985922225.03
2024-08-30,161.8671681624,168.4964521247,160.7663048937,168.4721873358,77818244.86,3107763323.33
2024-08-31,168.4721873358,172.4048565888,161.2483785075,168.863749245,76459372.02,3114986365.65
2024-09-01,168.863749245,171.7741366483,163.9935741665,169.712714554,63415720.62,3130647011.44
2024-09-02,169.712714554,170.6419108259,167.1254974073,170.5990665099,65574265.07,3146997319.13
2024-09-03,170.5990665099,175.4652124688,169.6064532745,172.9643007497,91025458.16,3190628189.82
2024-09-04,172.9643007497,175.3787251461,170.6478040348,170.9389108848,58165348.13,3153310050.63
2024-09-05,170.9412803704,176.5746297696,169.9032965452,172.5661896512,71367881.76,3183284336.28
2024-09-06,172.5661896512,173.8642265151,164.4427865394,165.2270098356,57557215.92,3047900364.51
2024-09-07,165.2270098356,172.6223628656,162.409768392,167.5356085022,49797484.06,3090486493.28
2024-09-08,167.5356085022,176.4225927971,167.4998598635,171.9569227399,54709067.02,3172045345.49
2024-09-09,171.9569227399,173.883356942,170.1133555439,170.7033313492,57642335.02,3148920665.93
2024-09-10,170.7033313492,171.7253571819,166.111314258,167.7455570187,57637871.57,3094359359.83
2024-09-11,167.7455570187,174.5042387663,166.8365650139,173.368373122,59849800.25,3198082009.46
2024-09-12,173.368373122,175.2185351571,169.5687815541,172.1743311923,53638799.56,3176055823.57
2024-09-13,172.1743311923,172.7797875202,169.7182429281,170.4317264481,64465475.66,3143910439.83
2024-09-14,170.4317264481,171.2882774019,167.9421456736,169.6373218536,50483392.54,3129256261.59
2024-09-15,169.6373218536,171.5842730717,169.4388404216,170.2554560393,42890717.25,3140658824.71
2024-09-16,170.2554560393,171.6997434103,168.0525576181,170.4669030686,60270783.0,3144559333.95
2024-09-17,170.4669030686,172.6736056853,169.0482095093,172.60342293,54051259.63,3183971169.04
2024-09-18,172.60342293,174.6935107596,170.1999812322,171.2867492191,61735746.36,3159682826.07
2024-09-19,171.2867492191,177.6565911796,170.5480138268,175.1816193043,79111436.74,3231530497.73
2024-09-20,175.1816193043,178.6183779921,175.1805498645,175.3290226494,57218678.52,3234249609.51
2024-09-21,175.3290226494,178.7029001038,174.4965780271,177.1835752348,40996116.09,3268460066.43
2024-09-22,177.1835752348,177.3826410164,174.5060444736,176.7974791025,32327451.78,3261337849.89
2024-09-23,176.7974791025,176.8502536774,171.7254010665,171.7623462741,51943739.5,3168456043.22
2024-09-24,171.7623462741,171.8737354064,165.6322292613,169.3448955525,58813312.29,3123861948.45
2024-09-25,169.3448955525,169.7051089958,164.8364423071,165.4745403609,44768883.23,3052466496.76
2024-09-26,165.4745403609,166.4236334342,163.1947151345,163.9386089031,48986546.42,3024133562.24
2024-09-27,163.9386089031,164.4323535503,161.3489041804,164.1595649932,43108909.07,3028209482.69
2024-09-28,164.1595649932,165.5080093847,157.5198153122,158.6169689852,38166295.09,2925966632.62
2024-09-29,158.6177384609,158.6992672973,152.1680640656,152.9175669319,64757772.97,2820831221.57
2024-09-30,152.9175669319,155.7061423601,149.9294185169,154.3721915126,67636316.41,2847664308.93
2024-10-01,154.3721915126,154.8250810052,140.2725863825,144.6725231135,82453063.17,2668737008.38
2024-10-02,144.6725231135,149.3648440245,135.3977676386,136.6266242469,90391175.42,2520316371.14
2024-10-03,136.6266242469,145.0086358045,135.3958930031,144.1837859713,64471603.33,2659721399.4
2024-10-04,144.1837859713,151.0409905012,143.1752326017,148.7913609166,52297559.95,2744716155.21
2024-10-05,148.7913609166,155.0195294002,148.7260534375,153.1628119346,45006970.88,2825355193.37
2024-10-06,153.1628119346,155.1251570554,146.6787611363,147.6326086759,52648717.63,2723340949.18
2024-10-07,147.6326086759,148.5865980873,144.0481235098,144.6125394262,49180893.12,2667630504.65
2024-10-08,144.6125394262,151.684249497,144.0194595292,149.3815508497,56477100.48,2755603237.86
2024-10-09,149.3815508497,154.4465313774,146.1597143064,147.3788311546,52995482.66,2718659580.2
2024-10-10,147.3788311546,154.0597500002,146.7939331747,153.4037423418,64809220.33,2829799574.93
2024-10-11,153.4037423418,154.5718055943,150.5394839166,151.9133447694,53597412.21,2802306592.35
2024-10-12,151.9133447694,154.3924789269,150.1627668761,150.4516245301,52525856.87,2775342613.19
2024-10-13,150.4516245301,152.3320477469,148.3929073826,148.5686920443,39711378.18,2740608639.51
2024-10-14,148.5686920443,157.0479805524,148.3533776694,156.8088832991,62378988.76,2892613338.71
2024-10-15,156.8088832991,158.052217878,151.7397531783,153.1664754153,72810359.39,2825422772.66
2024-10-16,153.1664754153,159.2775371346,153.066404856,155.6388409,61578924.27,2871029866.02
2024-10-17,155.6388409,158.7249693147,154.0708397872,157.627373735,54110038.56,2907391131.08
2024-10-18,157.6099890287,162.6416812472,156.915671096,159.9859202611,57052187.17,2951219326.46
2024-10-19,159.9859202611,162.043564328,159.0341808353,160.5145894902,31373644.79,2960971552.43
2024-10-20,160.5145894902,163.5070418635,159.0629869202,163.2498076277,33127125.03,3011738585.01
2024-10-21,163.2666758412,163.3345541578,153.2927677553,155.0093033598,52118636.84,2859416948.13
2024-10-22,155.0093033598,158.4977452183,154.4979505688,156.9471307435,45328901.69,2895163553.93
2024-10-23,156.9471307435,158.2428455794,154.6968174551,156.2017871339,38127925.66,2881414391.12
2024-10-24,156.6906435059,158.7155581748,154.4286275034,157.1842413656,44297568.92,2899537472.9
2024-10-25,157.1842413656,159.6294213138,155.1856547992,157.4223185013,47696210.98,2903929220.89
2024-10-26,157.4223185013,160.7352342033,156.6066376479,160.1194161684,44149451.96,2953681891.3
2024-10-27,160.1194161684,164.2769772771,159.9480040174,162.9098996201,44620748.02,3005157225.37
2024-10-28,162.9098996201,164.034521415,159.9556736362,163.0607700485,53369687.97,3007940293.55
2024-10-29,163.0607700485,165.63009166,162.0452114995,162.4129372092,60655060.53,2995989886.96
2024-10-30,162.4129372092,164.9196839468,161.3431569783,162.038218669,55275454.7,2989077549.95
2024-10-31,162.038218669,162.1183406495,154.8766344549,155.6787565125,53395706.82,2871766179.1
2024-11-01,155.6787565125,159.5597924079,151.5187660668,156.4602699856,62430004.09,2886182558.13
2024-11-02,156.4596435953,160.0373434356,152.9295502997,154.1480103844,45791255.07,2843528897.04
2024-11-03,154.1480103844,158.2552933913,153.7424465692,156.9103369365,51019649.97,2894484827.99
2024-11-04,156.9103369365,161.4726352018,156.2990038705,158.2937890628,52863035.8,2920005015.3
2024-11-05,158.2937890628,162.8428667709,157.2138006494,157.9130342913,56628195.73,2912981329.48
2024-11-06,157.9130342913,163.6555972298,157.7803912142,161.0965272392,69869662.1,2971706409.15
2024-11-07,161.0965272392,168.60863118,160.7292313559,163.1515572729,61981212.97,3009635696.47
2024-11-08,163.1521622402,167.0657528216,163.1487243218,165.5565553079,57105904.17,3053979405.5
2024-11-09,165.5565553079,165.6871401127,161.6586430394,163.6440817467,44715479.33,3018700495.16
2024-11-10,163.6440817467,166.363751086,161.6533293433,162.0979008361,57465752.36,2990306836.85
2024-11-11,162.0979008361,162.1809391591,156.1882226929,157.4468379683,81424496.67,2904381525.22
2024-11-12,157.4468379683,160.0562384881,150.7989873638,150.9710370178,97339480.23,2785283308.48
2024-11-13,150.990510702,152.3605064441,145.326426225,150.6503283506,90011228.25,2779008051.71
2024-11-14,150.6503283506,150.6878132163,143.8362289661,146.9435699472,71553846.74,2710630428.1
2024-11-15,146.9435699472,149.9885002693,140.724583437,141.7795866597,65830248.68,2615371749.99
2024-11-16,141.7795866597,152.303082402,141.6499570293,150.703423632,61134095.0,2779987486.78
2024-11-17,150.703423632,157.7186982187,147.1498480132,156.4510375821,65033686.73,2886012250.35
2024-11-18,156.4370910498,160.5722558581,153.1310528664,156.2071666109,79789439.03,2881513624.96
2024-11-19,156.2071666109,166.234621533,154.9805616162,162.1294120529,97725725.92,2990759770.97
2024-11-20,162.1294120529,163.6233588157,158.7169281371,160.2189940977,65868511.31,2955518779.87
2024-11-21,160.2200738852,163.8593403433,159.331595268,160.7032982052,79610784.56,2965118435.53
2024-11-22,160.7393924737,162.3599476072,157.1912523355,162.3533302386,66206915.52,2994867426.15
2024-11-23,162.3520884864,165.0937420325,159.4340506262,161.3952308645,73137282.1,2977216518.48
2024-11-24,161.3952308645,166.3802269269,157.8979033597,161.9570413459,62502154.56,2986366842.19
2024-11-25,161.9570413459,166.3345982467,155.7774160334,156.3067492465,81653575.13,2883350600.35
2024-11-26,156.3067492465,162.6789379346,151.503890568,161.2427150432,94589708.16,2974403098.16
2024-11-27,161.2427150432,161.2427150432,150.0957687317,156.1065701922,88960986.95,2879657948.57
2024-11-28,156.1065701922,160.5515802987,155.474470013,159.2676444453,65374866.84,2938035517.01
2024-11-29,159.2712245188,160.4187324491,155.6131898907,159.3783579144,75013972.89,2940011779.34
2024-11-30,159.3783579144,163.70157327,158.124889165,162.3200956454,58265926.85,2994192429.03
2024-12-01,162.3154968195,165.0591866819,161.3411924124,163.1987258271,75180500.21,3010485128.49
2024-12-02,163.1987258271,177.6110795855,160.4421292462,173.8637954224,131663434.77,3207302408.71
2024-12-03,173.8682119667,212.1466963958,166.5587445975,202.2680216683,219495824.49,3731186430.02
2024-12-04,202.2680216683,212.413643684,188.083402984,197.0666054871,205188232.3,3635237236.9
2024-12-05,197.0666054871,211.7285362622,185.0896746491,192.5949252575,170085888.55,3552749296.12
2024-12-06,193.4382667884,205.0877014795,193.4094067969,198.9400120982,97424436.82,3669795489.2
2024-12-07,198.9400120982,203.5020096048,193.9694427052,200.7586534942,84801723.3,3703343501.6
2024-12-08,200.7586534942,225.0331695227,196.5040075608,222.5482132493,114097981.92,4104268483.92
2024-12-09,222.4928403364,227.0605548617,155.6639862705,176.2256625513,169753629.12,3250789696.31
2024-12-10,176.2156189905,180.278036824,165.8016293386,179.4409051669,158694058.12,3310100453.97
2024-12-11,179.4409051669,200.0621278229,175.6502080902,199.3608082193,120537784.24,3677752024.65
2024-12-12,199.3713367492,214.8570285918,194.5435349765,200.2648115126,134244380.33,3694233724.95
2024-12-13,200.2648115126,214.2122069515,198.7785650805,207.0582403262,147238828.16,3819550367.66
2024-12-14,207.0582403262,220.3855160796,203.0445911533,210.2407800576,110352285.37,3878257863.58
2024-12-15,210.2407800576,222.9511445931,206.5320869803,222.3091320092,113388433.02,4100879663.43
2024-12-16,222.3091320092,231.4756270172,208.013553749,212.0691377675,152463806.35,3911985110.33
2024-12-17,212.0691377675,224.7484712618,208.8466165906,212.9174381316,121717838.09,3927762826.3
2024-12-18,212.9244494637,224.3123312887,209.8572801599,212.5635024619,137747833.17,3921104529.33
2024-12-19,212.6003819634,215.4439471928,190.0237284053,193.6114849852,134600143.89,3571501513.26
2024-12-20,193.6037208023,201.6335740552,166.9485217277,196.522452182,171264222.83,3625199380.14
2024-12-21,196.522452182,196.9986619315,181.176109385,183.8121569028,82796839.53,3390735816.03
2024-12-22,183.8121569028,198.1973558349,181.4611068458,189.7898444788,102004213.62,3501004688.89
2024-12-23,189.7898444788,193.6242338086,185.343179939,190.8524097979,80149380.82,3520605559.4
2024-12-24,190.8524097979,193.3987826527,184.5066585872,190.1883663615,66075547.37,3508356120.07
2024-12-25,190.1883663615,199.6993953909,189.3031983192,190.7731790648,72531966.6,3519144010.34
2024-12-26,190.7731790648,194.1156549894,187.3917462916,188.9465615492,60333567.58,3485448864.51
2024-12-27,188.9449119425,195.6237129312,187.2065345857,192.6851973152,55406164.13,3554414521.67
2024-12-28,192.6851973152,200.0677947894,192.6851973152,196.9202200313,45318864.73,3632536901.86
2024-12-29,196.9202200313,197.2910901841,189.2713077276,192.6066585513,42715590.19,3554773016.88
2024-12-30,192.7046313795,196.8234618912,183.4139502536,190.666025233,53871784.68,3517167371.03
