Lag,Pearson_All,Spearman_All,Kendall_All,Pearson_News,Spearman_News,Kendall_News,Pearson_Reddit,Spearman_Reddit,Kendall_Reddit,Pearson_Reddit_Twitter,Spearman_Reddit_Twitter,Kendall_Reddit_Twitter,Pearson_Twitter,Spearman_Twitter,Kendall_Twitter,Pearson_News_Twitter,Spearman_News_Twitter,Kendall_News_Twitter,Granger_Sentiment_All_Price,Granger_Sentiment_News_Price,Granger_Sentiment_Reddit_Price,Granger_Sentiment_Reddit_Twitter_Price,Granger_Sentiment_Twitter_Price,Granger_Sentiment_News_Twitter_Price,Granger_Price_All_Sentiment,Granger_Price_News_Sentiment,Granger_Price_Reddit_Sentiment,Granger_Price_Reddit_Twitter_Sentiment,Granger_Price_Twitter_Sentiment,Granger_Price_News_Twitter_Sentiment
-6,-0.009474962901373852,0.014424539261687934,0.009778515117062861,0.016225632031093264,0.07099720153504757,0.05587904263718262,-0.00483524306045107,0.020419248817524344,0.013581226707247561,-0.009873884502737032,0.014168775230382576,0.009604873787761977,-0.011125473477825,0.010377728775717745,0.007565680509514768,-0.010710246368130213,0.014817063862248979,0.010556445292443964,,,,,,,,,,,,
-5,-0.0009572822640206164,0.023775755498541624,0.01661087847614933,0.01576932929385784,0.07709715331567628,0.06088879586813231,0.11541360862341395,0.00042834920178778344,0.000758349852384597,-0.0012310335020370594,0.023676101990292454,0.016566094431014547,-0.0025026370846364804,0.024188865764006823,0.017802873065703047,-0.0020868201402558504,0.02958308610625113,0.021322343900615652,,,,,,,,,,,,
-4,0.00245591177444381,0.05754607678920056,0.03855757918565334,0.02128343199425303,0.08731598879349788,0.06901744440428549,0.12946596593798726,0.04185899252497045,0.028451393041395063,0.0021812114531866373,0.05656696252223153,0.03790309112984406,0.0004936523386683271,0.042505552406259264,0.030494924927503025,0.0010999783316119236,0.0513306409458425,0.036330799569746955,,,,,,,,,,,,
-3,0.002549352139710162,0.06711897568163726,0.044794814430858074,0.015491536356015443,0.06321784401151534,0.049886143636757176,0.02774825388119695,0.05322174561067984,0.036284649045409206,0.002328327427631443,0.06721105438118312,0.04486296802951831,0.0012928833232706983,0.058739932907529074,0.041980720504414544,0.0016465541314571227,0.05867566768201504,0.04142272880825667,,,,,,,,,,,,
-2,0.006559073107730654,0.06737349565352359,0.04615370299559985,0.015837189006277477,0.0607521750740784,0.0480306511701896,0.024181648753018675,0.037700130279673644,0.02611750312600848,0.00614869317318699,0.06808930348826796,0.046673555745354325,0.005078683869955282,0.05846067303578105,0.04247982562872585,0.00538944705082014,0.0632710793554441,0.04528852286178754,,,,,,,,,,,,
-1,0.002707438647499508,0.0031412769762267805,0.0023045992588226027,0.0044487750628071565,0.011237458114976947,0.008807099100700646,0.015697918337102292,-0.027789194881747407,-0.01900152686108548,0.002061554047594092,0.0037541522212343487,0.00269609546220094,-0.0002740551845100284,0.003262623599238191,0.002322297496602596,0.00051096559295076,0.0033516799745665566,0.0023624873494160685,,,,,,,,,,,,
0,-0.00884694736241622,-0.025171581286245345,-0.017305653627326566,0.0014078425094423733,0.00474397214889248,0.0038716873939637804,-0.011784469824232046,-0.025603518809844055,-0.018031790235016956,-0.009279627593440884,-0.02502091492830726,-0.017210985655359144,-0.010389808872281588,-0.021835773699996248,-0.01580707817941359,-0.010062808346528696,-0.025137883560364453,-0.017944998958092623,,,,,,,,,,,,
1,-0.017336204360151222,-0.03415007661922011,-0.02321299875657215,0.014520177476071996,0.014334702744875413,0.011585684586988165,-0.03191294296749525,-0.023554549720083844,-0.016702958566839992,-0.017919043206564303,-0.03473600433011104,-0.02366462882344277,-0.020103470497429183,-0.025413379366891743,-0.018199278514653115,-0.01929240548462085,-0.027433473689420576,-0.019429333742907534,0.4181402941015808,0.49772541479214993,0.1360334929041761,0.4026599033938232,0.34776663317337164,0.36756731319497316,0.6716814499045924,0.8331459122670513,0.24557581544446067,0.6852857145972371,0.7426963640501594,0.7220964441574711
2,0.020751666118514967,0.013041115433795557,0.008760744279303182,-0.009536091998886116,-0.014848527541543642,-0.011413507213721695,0.005918519078142842,0.023106093666769602,0.015704229676345726,0.022215977089456263,0.01277284644679041,0.008571908157348715,0.024045770007592067,0.00967477666647232,0.007048998621816766,0.02371078362739229,0.013160924469330452,0.009373994342453519,0.17214326779927283,0.4483809850534223,0.166294372265492,0.13831895108762768,0.08024513368953337,0.09517956404596142,0.014110648565206756,0.39344574906908525,0.701801862101886,0.016707917361320518,0.03677399718220212,0.027570847381952434
3,0.029085492223302152,0.02425014139637737,0.016183472204844902,-0.01080233670369795,-0.033197131063509834,-0.026028023298668056,0.001001142240521221,0.023826745307286696,0.016120010280257183,0.030268846095098854,0.023999515286420928,0.016027378882935317,0.03189239260697653,0.01566862305151519,0.011183805287822,0.03176786497239939,0.016537766237385357,0.01173782923277267,0.2170380208253484,0.6567117138111136,0.30548433491363086,0.1778770683520169,0.1100758959518937,0.12657293549702864,0.00481145579829442,0.0010045348905342736,0.15617375442997053,0.0052091727389339615,0.006722014063699868,0.006224666952735695
4,0.03824318755707517,0.022410286640779646,0.014960469444812117,-0.004070929672622585,-0.008780492653340612,-0.0069207535522822035,0.024051912231214112,0.037300992033095094,0.026107679097565544,0.03784795353527717,0.022007201992570034,0.014678752603395228,0.03393859806512813,0.006344610563366795,0.004261694054200148,0.03543187907468461,0.009085663544637072,0.006198432391894418,0.20320478607830578,0.7867993842075911,0.26845612683195313,0.182159044235479,0.15503042456550348,0.1622095790135283,0.01331774443143424,0.0006339672813682846,9.50536188853832e-10,0.014697557558922743,0.020830836129889008,0.018708071416295935
5,0.007751141195965688,-0.024267611913149825,-0.01677367728383496,0.012758566455593926,0.0047944127434784425,0.0038497984353214627,-0.03484554487632988,-0.0359294557806539,-0.02476840589070801,0.005973036753529007,-0.02456037865641847,-0.016983039954135776,0.004669599112160843,-0.02426299895149931,-0.01777459446731598,0.004624469779158,-0.017285385254073225,-0.01274341290215667,0.27715767043285267,0.7696384153408409,0.03446849304388241,0.24270317738455813,0.21140088504221727,0.2164581209635447,0.015288785684463098,7.866664420565943e-06,0.0005550376348050219,0.016740412319700797,0.027359753243490832,0.02301415201383345
6,0.04618658643116946,-0.0033458837073881685,-0.0022162207890549916,0.0009062149091303567,0.00861267973574758,0.00663885570927419,-0.024246832427989723,-0.031162200905988945,-0.02162598959318189,0.04656115344462305,-0.0022353853616435917,-0.0014560474281002113,0.04636789944235216,0.010617300280801342,0.00768923859752373,0.04671065753630372,0.012087860569122722,0.008700969071626576,0.034215069267821405,0.8446969085178444,0.06387348653616401,0.024177531992307173,0.016912332039561537,0.01731796474243763,0.025170672102008247,1.2011550224232759e-05,0.0011674975971828893,0.026436969567922478,0.0384005838036992,0.033654613159649197
